Energy[MeV/u],Depth[mm],Sigma_fit[mm],Sigma[mm]
120.26,-250.0,6.78,6.8
120.26,0.0,5.28,5.27
120.26,250.0,3.87,3.83
120.26,500.0,2.59,2.62
123.91,-250.0,6.65,6.59
123.91,0.0,5.18,5.13
123.91,250.0,3.79,3.75
123.91,500.0,2.52,2.58
127.51,-250.0,6.45,6.4
127.51,0.0,5.03,5.0
127.51,250.0,3.7,3.68
127.51,500.0,2.39,2.54
131.05,-250.0,6.19,6.22
131.05,0.0,4.88,4.89
131.05,250.0,3.68,3.61
131.05,500.0,2.58,2.5
134.55,-250.0,6.07,6.06
134.55,0.0,4.76,4.77
134.55,250.0,3.59,3.55
134.55,500.0,2.54,2.47
138.0,-250.0,5.94,5.91
138.0,0.0,4.62,4.67
138.0,250.0,3.48,3.48
138.0,500.0,2.42,2.44
141.4,-250.0,5.84,5.78
141.4,0.0,4.54,4.57
141.4,250.0,3.41,3.42
141.4,500.0,2.29,2.41
144.75,-250.0,5.6,5.65
144.75,0.0,4.43,4.48
144.75,250.0,3.43,3.37
144.75,500.0,2.35,2.38
148.06,-250.0,5.55,5.53
148.06,0.0,4.41,4.39
148.06,250.0,3.36,3.31
148.06,500.0,2.39,2.35
151.32,-250.0,5.45,5.42
151.32,0.0,4.3,4.31
151.32,250.0,3.2,3.26
151.32,500.0,2.27,2.33
154.54,-250.0,5.36,5.32
154.54,0.0,4.25,4.24
154.54,250.0,3.16,3.21
154.54,500.0,2.21,2.3
157.72,-250.0,5.2,5.22
157.72,0.0,4.12,4.16
157.72,250.0,3.11,3.16
157.72,500.0,2.22,2.28
160.86,-250.0,5.08,5.13
160.86,0.0,4.01,4.09
160.86,250.0,2.98,3.11
160.86,500.0,2.09,2.26
163.95,-250.0,5.08,5.04
163.95,0.0,4.04,4.03
163.95,250.0,3.05,3.07
163.95,500.0,2.41,2.24
167.01,-250.0,4.97,4.96
167.01,0.0,3.96,3.97
167.01,250.0,2.96,3.03
167.01,500.0,2.12,2.22
170.03,-250.0,4.93,4.89
170.03,0.0,3.95,3.91
170.03,250.0,3.04,2.99
170.03,500.0,2.19,2.2
173.01,-250.0,4.78,4.81
173.01,0.0,3.86,3.85
173.01,250.0,3.04,2.95
173.01,500.0,2.7,2.18
175.96,-250.0,4.63,4.75
175.96,0.0,3.77,3.8
175.96,250.0,2.98,2.92
175.96,500.0,2.58,2.16
178.87,-250.0,4.58,4.68
178.87,0.0,3.7,3.75
178.87,250.0,2.71,2.88
178.87,500.0,2.04,2.15
181.75,-250.0,4.57,4.62
181.75,0.0,3.72,3.7
181.75,250.0,2.73,2.85
181.75,500.0,2.24,2.13
184.59,-250.0,4.56,4.56
184.59,0.0,3.7,3.66
184.59,250.0,2.68,2.82
184.59,500.0,2.04,2.12
187.41,-250.0,4.43,4.5
187.41,0.0,3.6,3.61
187.41,250.0,2.69,2.79
187.41,500.0,2.27,2.1
190.19,-250.0,4.46,4.45
190.19,0.0,3.61,3.57
190.19,250.0,2.67,2.76
190.19,500.0,2.01,2.09
192.94,-250.0,4.32,4.39
192.94,0.0,3.53,3.53
192.94,250.0,2.63,2.73
192.94,500.0,2.28,2.07
195.66,-250.0,4.26,4.34
195.66,0.0,3.45,3.49
195.66,250.0,2.49,2.7
195.66,500.0,1.89,2.06
198.36,-250.0,4.21,4.29
198.36,0.0,3.45,3.45
198.36,250.0,2.56,2.68
198.36,500.0,2.21,2.05
201.03,-250.0,4.22,4.25
201.03,0.0,3.39,3.42
201.03,250.0,2.54,2.65
201.03,500.0,1.96,2.03
203.67,-250.0,4.18,4.2
203.67,0.0,3.4,3.38
203.67,250.0,2.58,2.63
203.67,500.0,2.05,2.02
206.28,-250.0,4.16,4.16
206.28,0.0,3.37,3.35
206.28,250.0,2.53,2.61
206.28,500.0,1.99,2.01
208.87,-250.0,4.14,4.11
208.87,0.0,3.35,3.32
208.87,250.0,2.51,2.58
208.87,500.0,1.82,2.0
211.44,-250.0,4.1,4.07
211.44,0.0,3.34,3.28
211.44,250.0,2.5,2.56
211.44,500.0,1.98,1.99
213.98,-250.0,4.04,4.03
213.98,0.0,3.31,3.25
213.98,250.0,2.51,2.54
213.98,500.0,2.0,1.98
216.5,-250.0,3.99,3.99
216.5,0.0,3.2,3.23
216.5,250.0,2.52,2.53
216.5,500.0,1.97,1.97
219.0,-250.0,3.97,3.96
219.0,0.0,3.13,3.2
219.0,250.0,2.41,2.51
219.0,500.0,1.85,1.96
221.48,-250.0,3.91,3.92
221.48,0.0,3.21,3.17
221.48,250.0,2.45,2.49
221.48,500.0,2.0,1.95
223.94,-250.0,3.89,3.88
223.94,0.0,3.18,3.14
223.94,250.0,2.42,2.47
223.94,500.0,1.94,1.94
226.37,-250.0,3.86,3.85
226.37,0.0,3.15,3.12
226.37,250.0,2.43,2.46
226.37,500.0,1.96,1.93
228.79,-250.0,3.81,3.81
228.79,0.0,3.11,3.1
228.79,250.0,2.41,2.44
228.79,500.0,1.95,1.92
231.19,-250.0,3.81,3.78
231.19,0.0,3.11,3.07
231.19,250.0,2.36,2.43
231.19,500.0,1.88,1.91
233.58,-250.0,3.75,3.75
233.58,0.0,3.05,3.05
233.58,250.0,2.33,2.41
233.58,500.0,1.91,1.9
235.94,-250.0,3.76,3.72
235.94,0.0,3.1,3.03
235.94,250.0,2.38,2.4
235.94,500.0,1.97,1.89
238.29,-250.0,3.68,3.68
238.29,0.0,3.02,3.0
238.29,250.0,2.38,2.38
238.29,500.0,1.93,1.88
240.63,-250.0,3.63,3.65
240.63,0.0,3.0,2.98
240.63,250.0,2.39,2.37
240.63,500.0,2.1,1.87
242.95,-250.0,3.63,3.62
242.95,0.0,2.98,2.96
242.95,250.0,2.36,2.36
242.95,500.0,1.93,1.87
245.25,-250.0,3.58,3.59
245.25,0.0,2.94,2.94
245.25,250.0,2.32,2.35
245.25,500.0,1.91,1.86
247.54,-250.0,3.6,3.56
247.54,0.0,2.94,2.92
247.54,250.0,2.28,2.33
247.54,500.0,1.84,1.85
249.82,-250.0,3.6,3.54
249.82,0.0,2.94,2.9
249.82,250.0,2.29,2.32
249.82,500.0,1.89,1.84
252.09,-250.0,3.53,3.51
252.09,0.0,2.92,2.88
252.09,250.0,2.31,2.31
252.09,500.0,1.9,1.83
254.34,-250.0,3.5,3.48
254.34,0.0,2.86,2.87
254.34,250.0,2.24,2.3
254.34,500.0,1.86,1.83
256.58,-250.0,3.46,3.45
256.58,0.0,2.85,2.85
256.58,250.0,2.26,2.29
256.58,500.0,1.84,1.82
258.81,-250.0,3.45,3.43
258.81,0.0,2.82,2.83
258.81,250.0,2.21,2.28
258.81,500.0,1.84,1.81
261.03,-250.0,3.41,3.4
261.03,0.0,2.75,2.81
261.03,250.0,2.15,2.27
261.03,500.0,1.74,1.81
263.23,-250.0,3.42,3.37
263.23,0.0,2.78,2.8
263.23,250.0,2.2,2.26
263.23,500.0,1.82,1.8
265.43,-250.0,3.4,3.35
265.43,0.0,2.78,2.78
265.43,250.0,2.18,2.25
265.43,500.0,1.77,1.79
267.62,-250.0,3.35,3.32
267.62,0.0,2.72,2.76
267.62,250.0,2.16,2.24
267.62,500.0,1.77,1.79
269.8,-250.0,3.37,3.3
269.8,0.0,2.68,2.75
269.8,250.0,2.1,2.23
269.8,500.0,1.64,1.78
271.97,-250.0,3.3,3.28
271.97,0.0,2.71,2.73
271.97,250.0,2.18,2.22
271.97,500.0,2.02,1.77
274.13,-250.0,3.3,3.25
274.13,0.0,2.68,2.72
274.13,250.0,2.1,2.22
274.13,500.0,1.67,1.77
276.28,-250.0,3.28,3.23
276.28,0.0,2.68,2.7
276.28,250.0,2.09,2.21
276.28,500.0,1.77,1.76
278.42,-250.0,3.29,3.2
278.42,0.0,2.67,2.69
278.42,250.0,2.08,2.2
278.42,500.0,1.7,1.75
280.56,-250.0,3.25,3.18
280.56,0.0,2.67,2.68
280.56,250.0,2.14,2.19
280.56,500.0,1.8,1.75
282.69,-250.0,3.29,3.16
282.69,0.0,2.65,2.66
282.69,250.0,2.05,2.18
282.69,500.0,1.81,1.74
284.81,-250.0,3.24,3.14
284.81,0.0,2.61,2.65
284.81,250.0,2.02,2.18
284.81,500.0,1.65,1.73
286.93,-250.0,2.91,3.11
286.93,0.0,2.61,2.63
286.93,250.0,2.04,2.17
286.93,500.0,1.7,1.73
289.04,-250.0,2.95,3.09
289.04,0.0,2.62,2.62
289.04,250.0,2.03,2.16
289.04,500.0,1.64,1.72
291.14,-250.0,2.92,3.07
291.14,0.0,2.62,2.61
291.14,250.0,2.0,2.15
291.14,500.0,1.92,1.71
293.24,-250.0,2.86,3.05
293.24,0.0,2.56,2.59
293.24,250.0,2.02,2.15
293.24,500.0,1.68,1.71
295.33,-250.0,2.88,3.03
295.33,0.0,2.58,2.58
295.33,250.0,2.01,2.14
295.33,500.0,1.86,1.7
297.42,-250.0,2.91,3.01
297.42,0.0,2.6,2.57
297.42,250.0,2.08,2.13
297.42,500.0,1.55,1.7
299.5,-250.0,2.85,2.99
299.5,0.0,2.57,2.56
299.5,250.0,2.09,2.12
299.5,500.0,1.53,1.69
301.57,-250.0,2.92,2.97
301.57,0.0,2.62,2.54
301.57,250.0,2.06,2.12
301.57,500.0,1.93,1.68
303.64,-250.0,2.82,2.95
303.64,0.0,2.53,2.53
303.64,250.0,2.0,2.11
303.64,500.0,1.86,1.68
305.71,-250.0,3.0,2.93
305.71,0.0,2.68,2.52
305.71,250.0,1.98,2.1
305.71,500.0,1.89,1.67
307.77,-250.0,2.88,2.91
307.77,0.0,2.6,2.51
307.77,250.0,2.04,2.1
307.77,500.0,1.79,1.67
309.82,-250.0,2.8,2.89
309.82,0.0,2.53,2.5
309.82,250.0,2.05,2.09
309.82,500.0,1.61,1.66
311.87,-250.0,2.77,2.87
311.87,0.0,2.48,2.49
311.87,250.0,2.0,2.08
311.87,500.0,1.66,1.65
313.91,-250.0,2.85,2.85
313.91,0.0,2.55,2.47
313.91,250.0,1.98,2.08
313.91,500.0,1.66,1.65
315.95,-250.0,2.8,2.83
315.95,0.0,2.53,2.46
315.95,250.0,2.0,2.07
315.95,500.0,1.93,1.64
317.99,-250.0,2.81,2.82
317.99,0.0,2.51,2.45
317.99,250.0,1.95,2.06
317.99,500.0,1.63,1.64
320.02,-250.0,2.68,2.8
320.02,0.0,2.41,2.44
320.02,250.0,1.97,2.06
320.02,500.0,1.66,1.63
322.04,-250.0,2.79,2.78
322.04,0.0,2.49,2.43
322.04,250.0,1.96,2.05
322.04,500.0,1.64,1.63
324.06,-250.0,2.72,2.76
324.06,0.0,2.52,2.42
324.06,250.0,2.11,2.04
324.06,500.0,1.7,1.62
326.08,-250.0,2.69,2.75
326.08,0.0,2.41,2.41
326.08,250.0,1.95,2.04
326.08,500.0,1.63,1.61
328.09,-250.0,2.76,2.73
328.09,0.0,2.47,2.4
328.09,250.0,1.97,2.03
328.09,500.0,1.64,1.61
330.09,-250.0,2.7,2.72
330.09,0.0,2.4,2.39
330.09,250.0,1.92,2.03
330.09,500.0,1.57,1.6
332.09,-250.0,2.66,2.7
332.09,0.0,2.39,2.38
332.09,250.0,1.92,2.02
332.09,500.0,1.63,1.6
334.09,-250.0,2.7,2.68
334.09,0.0,2.42,2.37
334.09,250.0,1.95,2.01
334.09,500.0,1.64,1.59
336.08,-250.0,2.73,2.67
336.08,0.0,2.45,2.36
336.08,250.0,1.98,2.01
336.08,500.0,1.68,1.58
338.06,-250.0,2.61,2.65
338.06,0.0,2.35,2.35
338.06,250.0,1.89,2.0
338.06,500.0,1.61,1.58
340.04,-250.0,2.68,2.64
340.04,0.0,2.4,2.34
340.04,250.0,1.92,1.99
340.04,500.0,1.58,1.57
342.01,-250.0,2.58,2.62
342.01,0.0,2.32,2.33
342.01,250.0,1.87,1.98
342.01,500.0,1.57,1.57
343.97,-250.0,2.57,2.61
343.97,0.0,2.31,2.32
343.97,250.0,1.87,1.98
343.97,500.0,1.58,1.56
345.93,-250.0,2.59,2.6
345.93,0.0,2.32,2.31
345.93,250.0,1.86,1.97
345.93,500.0,1.56,1.56
347.88,-250.0,2.6,2.58
347.88,0.0,2.36,2.3
347.88,250.0,1.94,1.96
347.88,500.0,1.54,1.55
349.83,-250.0,2.53,2.57
349.83,0.0,2.28,2.29
349.83,250.0,1.85,1.96
349.83,500.0,1.57,1.54
351.77,-250.0,2.59,2.56
351.77,0.0,2.31,2.28
351.77,250.0,1.82,1.95
351.77,500.0,1.48,1.54
353.7,-250.0,2.54,2.54
353.7,0.0,2.28,2.27
353.7,250.0,1.84,1.94
353.7,500.0,1.55,1.53
355.62,-250.0,2.49,2.53
355.62,0.0,2.3,2.26
355.62,250.0,1.95,1.94
355.62,500.0,1.47,1.53
357.53,-250.0,2.56,2.52
357.53,0.0,2.31,2.25
357.53,250.0,1.9,1.93
357.53,500.0,1.49,1.52
359.44,-250.0,2.53,2.51
359.44,0.0,2.27,2.24
359.44,250.0,1.84,1.92
359.44,500.0,1.56,1.52
361.34,-250.0,2.47,2.5
361.34,0.0,2.21,2.23
361.34,250.0,1.78,1.91
361.34,500.0,1.49,1.51
363.23,-250.0,2.47,2.49
363.23,0.0,2.23,2.22
363.23,250.0,1.82,1.91
363.23,500.0,1.55,1.5
365.1,-250.0,2.53,2.48
365.1,0.0,2.26,2.21
365.1,250.0,1.81,1.9
365.1,500.0,1.48,1.5
366.97,-250.0,2.38,2.47
366.97,0.0,2.15,2.2
366.97,250.0,1.78,1.89
366.97,500.0,1.54,1.49
368.83,-250.0,2.41,2.46
368.83,0.0,2.18,2.2
368.83,250.0,1.81,1.88
368.83,500.0,1.44,1.49
370.68,-250.0,2.53,2.45
370.68,0.0,2.27,2.19
370.68,250.0,1.84,1.88
370.68,500.0,1.43,1.48
372.51,-250.0,2.46,2.44
372.51,0.0,2.2,2.18
372.51,250.0,1.78,1.87
372.51,500.0,1.49,1.47
374.34,-250.0,2.49,2.43
374.34,0.0,2.24,2.17
374.34,250.0,1.86,1.86
374.34,500.0,1.46,1.47
376.15,-250.0,2.34,2.42
376.15,0.0,2.12,2.16
376.15,250.0,1.75,1.85
376.15,500.0,1.52,1.46
377.95,-250.0,2.37,2.41
377.95,0.0,2.14,2.15
377.95,250.0,1.77,1.84
377.95,500.0,1.51,1.46
379.73,-250.0,2.46,2.4
379.73,0.0,2.23,2.14
379.73,250.0,1.89,1.83
379.73,500.0,1.43,1.45
381.51,-250.0,2.47,2.4
381.51,0.0,2.2,2.13
381.51,250.0,1.89,1.83
381.51,500.0,1.38,1.45
383.26,-250.0,2.47,2.39
383.26,0.0,2.22,2.13
383.26,250.0,1.83,1.82
383.26,500.0,1.42,1.44
385.01,-250.0,2.35,2.38
385.01,0.0,2.11,2.12
385.01,250.0,1.77,1.81
385.01,500.0,1.38,1.43
386.73,-250.0,2.45,2.38
386.73,0.0,2.2,2.11
386.73,250.0,1.81,1.8
386.73,500.0,1.5,1.43
388.44,-250.0,2.3,2.37
388.44,0.0,2.07,2.1
388.44,250.0,1.76,1.79
388.44,500.0,1.48,1.42
390.14,-250.0,2.28,2.36
390.14,0.0,2.06,2.09
390.14,250.0,1.71,1.78
390.14,500.0,1.46,1.42
391.82,-250.0,2.25,2.36
391.82,0.0,2.03,2.08
391.82,250.0,1.68,1.78
391.82,500.0,1.43,1.41
393.47,-250.0,2.2,2.35
393.47,0.0,1.99,2.08
393.47,250.0,1.67,1.77
393.47,500.0,1.32,1.41
395.11,-250.0,2.38,2.35
395.11,0.0,2.13,2.07
395.11,250.0,1.7,1.76
395.11,500.0,1.4,1.4
396.73,-250.0,2.34,2.34
396.73,0.0,2.09,2.06
396.73,250.0,1.67,1.75
396.73,500.0,1.37,1.39
398.34,-250.0,2.42,2.34
398.34,0.0,2.16,2.05
398.34,250.0,1.73,1.74
398.34,500.0,1.43,1.39
399.92,-250.0,2.26,2.34
399.92,0.0,2.05,2.04
399.92,250.0,1.73,1.73
399.92,500.0,1.36,1.38
