Origin of data [Measured/Computed]:; Measured
Machine/Treatment room:; hzRoom1_90_RF4_250701
Snout name:; hzRoom1_90_RF4
Range modulator name:; RF4
Radiation type:; Carbon
Curve type [Depth/X/Y/AbsoluteDosimetry]:; Depth
Medium:; Water
Single spot [Yes/No]:; Yes
Isocenter to snout distance [mm]:; 680
Isocenter to phantom surface distance [mm]:; 150
Detector lateral shape [Quadratic/Circular]:; Circular
Detector lateral side/diameter [mm]:; 80
Nominal beam energy [MeV]:; 1443.12
Measured dose curve (Depth [mm] Dose [a.u.]):; 
13.00;1.44280
13.50;1.45970
14.00;1.47910
14.50;1.49880
15.00;1.52160
15.50;1.54780
16.00;1.57580
16.50;1.60460
17.00;1.63660
17.50;1.67310
18.00;1.71320
18.50;1.75450
19.00;1.79950
19.50;1.85160
20.00;1.91370
20.50;1.97800
21.00;2.05200
21.20;2.08570
21.40;2.12370
21.60;2.16440
21.80;2.20580
22.00;2.24920
22.20;2.29740
22.40;2.35060
22.60;2.41010
22.80;2.47940
23.00;2.55340
23.10;2.60190
23.20;2.64980
23.30;2.70860
23.40;2.77500
23.50;2.85340
23.60;2.92810
23.70;2.99030
23.80;3.03640
23.90;3.06560
24.00;3.09280
24.10;3.11120
24.20;3.11120
24.30;3.10150
24.40;3.10060
24.50;3.09510
24.60;3.08080
24.70;3.06360
24.80;3.05310
24.90;3.04250
25.00;3.01560
25.10;2.98870
25.20;2.97270
25.30;2.95250
25.40;2.91940
25.50;2.88420
25.60;2.85820
25.70;2.83200
25.80;2.78460
25.90;2.74380
26.00;2.71290
26.20;2.62820
26.40;2.54820
26.60;2.46560
26.80;2.40810
27.00;2.34300
27.20;2.26680
27.40;2.12830
27.60;1.99650
27.80;1.83130
28.00;1.70480
28.20;1.56870
28.40;1.44340
28.60;1.32140
28.80;1.27500
29.00;1.22650
29.20;1.19120
29.40;1.14900
29.60;1.08150
29.80;0.90053
30.00;0.66155
30.20;0.44849
30.40;0.27346
30.60;0.17382
30.80;0.12340
31.00;0.10363
31.20;0.09543
31.40;0.09223
31.60;0.09025
31.80;0.08832
32.00;0.08684
32.50;0.08347
33.00;0.08009
33.50;0.07654
34.00;0.07323
34.50;0.07020
35.00;0.06791
35.50;0.06521
37.50;0.05664
39.50;0.05027
41.50;0.04504
43.50;0.04124
44.00;0.04013
49.00;0.03264
54.00;0.02717
59.00;0.02242
64.00;0.01833
69.00;0.01485
74.00;0.01213
79.00;0.00968
84.00;0.00785
89.00;0.00626
94.00;0.00524
99.00;0.00422
104.00;0.00329
105.50;0.00321
120.50;0.00184
135.50;0.00129
150.50;0.00087
165.50;0.00030
180.50;0.00000
195.50;0.00000
210.50;0.00064
225.50;0.00028
240.50;0.00000
255.50;0.00029
270.50;0.00028
285.50;0.00043
300.50;0.00025
315.50;0.00025
330.50;0.00062
345.50;0.00060
360.50;0.00059
363.00;0.00056
End:; 
Origin of data [Measured/Computed]:; Measured
Machine/Treatment room:; hzRoom1_90_RF4_250701
Snout name:; hzRoom1_90_RF4
Range modulator name:; RF4
Radiation type:; Carbon
Curve type [Depth/X/Y/AbsoluteDosimetry]:; Depth
Medium:; Water
Single spot [Yes/No]:; Yes
Isocenter to snout distance [mm]:; 680
Isocenter to phantom surface distance [mm]:; 150
Detector lateral shape [Quadratic/Circular]:; Circular
Detector lateral side/diameter [mm]:; 80
Nominal beam energy [MeV]:; 1572.6
Measured dose curve (Depth [mm] Dose [a.u.]):; 
13.00;1.34240
15.00;1.39000
17.00;1.45160
19.00;1.53130
19.50;1.55350
20.00;1.57720
20.50;1.60140
21.00;1.62860
21.50;1.65690
22.00;1.68820
22.50;1.72000
23.00;1.75650
23.50;1.79500
24.00;1.83620
24.50;1.88190
25.00;1.93210
25.50;1.98980
26.00;2.05370
26.50;2.12180
27.00;2.20330
27.20;2.24170
27.40;2.27980
27.60;2.32190
27.80;2.36700
28.00;2.41530
28.20;2.46840
28.40;2.52590
28.60;2.58840
28.80;2.65880
29.00;2.74370
29.10;2.79540
29.20;2.85410
29.30;2.91460
29.40;2.97670
29.50;3.04920
29.60;3.11800
29.70;3.18960
29.80;3.23540
29.90;3.26570
30.00;3.28610
30.10;3.30340
30.20;3.30590
30.30;3.30180
30.40;3.29440
30.50;3.28990
30.60;3.27670
30.70;3.26080
30.80;3.24390
30.90;3.22760
31.00;3.20420
31.10;3.17940
31.20;3.15440
31.30;3.12940
31.40;3.09850
31.50;3.06230
31.60;3.03180
31.70;2.99550
31.80;2.95760
31.90;2.91620
32.00;2.86930
32.20;2.78430
32.40;2.70030
32.60;2.62600
32.80;2.55310
33.00;2.47370
33.20;2.37990
33.40;2.25110
33.60;2.10460
33.80;1.94250
34.00;1.79950
34.20;1.65570
34.40;1.53800
34.60;1.43130
34.80;1.36860
35.00;1.32060
35.20;1.27420
35.40;1.22310
35.60;1.13200
35.80;0.96169
36.00;0.70582
36.20;0.47911
36.40;0.30465
36.60;0.21016
36.80;0.15441
37.00;0.12875
37.20;0.11885
37.40;0.11532
37.60;0.11282
37.80;0.11105
38.00;0.10949
38.50;0.10547
39.00;0.10148
39.50;0.09771
40.00;0.09422
40.50;0.09057
41.00;0.08758
41.50;0.08465
43.50;0.07401
45.50;0.06610
47.50;0.05939
49.50;0.05460
50.00;0.05331
55.00;0.04477
60.00;0.03800
65.00;0.03260
70.00;0.02727
75.00;0.02321
80.00;0.01961
85.00;0.01657
90.00;0.01403
95.00;0.01174
100.00;0.00970
105.00;0.00800
110.00;0.00669
111.50;0.00632
126.50;0.00382
141.50;0.00237
156.50;0.00166
171.50;0.00106
186.50;0.00059
201.50;0.00063
216.50;0.00031
231.50;0.00028
246.50;0.00027
261.50;0.00000
276.50;0.00000
291.50;0.00028
306.50;0.00000
321.50;0.00030
336.50;0.00023
351.50;0.00041
363.00;0.00033
End:; 
Origin of data [Measured/Computed]:; Measured
Machine/Treatment room:; hzRoom1_90_RF4_250701
Snout name:; hzRoom1_90_RF4
Range modulator name:; RF4
Radiation type:; Carbon
Curve type [Depth/X/Y/AbsoluteDosimetry]:; Depth
Medium:; Water
Single spot [Yes/No]:; Yes
Isocenter to snout distance [mm]:; 680
Isocenter to phantom surface distance [mm]:; 150
Detector lateral shape [Quadratic/Circular]:; Circular
Detector lateral side/diameter [mm]:; 80
Nominal beam energy [MeV]:; 1696.8
Measured dose curve (Depth [mm] Dose [a.u.]):; 
13.00;1.28020
15.00;1.31330
17.00;1.35410
19.00;1.40220
21.00;1.45930
23.00;1.52660
25.00;1.61050
25.50;1.63520
26.00;1.66060
26.50;1.68690
27.00;1.71590
27.50;1.74770
28.00;1.77900
28.50;1.81340
29.00;1.84960
29.50;1.89160
30.00;1.93630
30.50;1.98300
31.00;2.03560
31.50;2.09820
32.00;2.16590
32.50;2.23910
33.00;2.32420
33.20;2.36550
33.40;2.40940
33.60;2.45390
33.80;2.50230
34.00;2.55420
34.20;2.61250
34.40;2.67860
34.60;2.74640
34.80;2.82300
35.00;2.91760
35.10;2.96930
35.20;3.03440
35.30;3.10160
35.40;3.16550
35.50;3.23420
35.60;3.29360
35.70;3.34240
35.80;3.38490
35.90;3.41420
36.00;3.43010
36.10;3.43830
36.20;3.43900
36.30;3.43370
36.40;3.42470
36.50;3.41270
36.60;3.39790
36.70;3.38070
36.80;3.36360
36.90;3.33920
37.00;3.31570
37.10;3.28880
37.20;3.25870
37.30;3.22970
37.40;3.19580
37.50;3.15990
37.60;3.12080
37.70;3.08320
37.80;3.04170
37.90;2.99970
38.00;2.95340
38.20;2.86510
38.40;2.77520
38.60;2.69570
38.80;2.61940
39.00;2.53290
39.20;2.41390
39.40;2.27360
39.60;2.12320
39.80;1.97920
40.00;1.83650
40.20;1.68680
40.40;1.55840
40.60;1.45580
40.80;1.39450
41.00;1.34290
41.20;1.28650
41.40;1.20950
41.60;1.08770
41.80;0.89594
42.00;0.68292
42.20;0.46019
42.40;0.30183
42.60;0.21240
42.80;0.16622
43.00;0.14618
43.20;0.13864
43.40;0.13542
43.60;0.13344
43.80;0.13155
44.00;0.12930
44.50;0.12532
45.00;0.12117
45.50;0.11777
46.00;0.11362
46.50;0.11003
47.00;0.10639
47.50;0.10292
49.50;0.09089
51.50;0.08159
53.50;0.07357
55.50;0.06761
56.00;0.06631
61.00;0.05607
66.00;0.04893
71.00;0.04216
76.00;0.03642
81.00;0.03178
86.00;0.02741
91.00;0.02401
96.00;0.02075
101.00;0.01780
106.00;0.01534
111.00;0.01289
116.00;0.01086
117.50;0.01035
132.50;0.00623
147.50;0.00403
162.50;0.00292
177.50;0.00211
192.50;0.00155
207.50;0.00080
222.50;0.00080
237.50;0.00031
252.50;0.00000
267.50;0.00000
282.50;0.00000
297.50;0.00037
312.50;0.00078
327.50;0.00025
342.50;0.00000
357.50;0.00031
363.00;0.00084
End:; 
Origin of data [Measured/Computed]:; Measured
Machine/Treatment room:; hzRoom1_90_RF4_250701
Snout name:; hzRoom1_90_RF4
Range modulator name:; RF4
Radiation type:; Carbon
Curve type [Depth/X/Y/AbsoluteDosimetry]:; Depth
Medium:; Water
Single spot [Yes/No]:; Yes
Isocenter to snout distance [mm]:; 680
Isocenter to phantom surface distance [mm]:; 150
Detector lateral shape [Quadratic/Circular]:; Circular
Detector lateral side/diameter [mm]:; 80
Nominal beam energy [MeV]:; 2076.12
Measured dose curve (Depth [mm] Dose [a.u.]):; 
13.00;1.19120
15.00;1.20560
17.00;1.22180
19.00;1.24010
21.00;1.26130
23.00;1.28280
25.00;1.30720
27.00;1.33320
29.00;1.36350
31.00;1.39520
33.00;1.43020
35.00;1.47130
37.00;1.51790
39.00;1.57160
41.00;1.63390
43.00;1.70790
45.00;1.79840
45.50;1.82500
46.00;1.85180
46.50;1.88060
47.00;1.90960
47.50;1.94280
48.00;1.97870
48.50;2.01370
49.00;2.05290
49.50;2.09570
50.00;2.14140
50.50;2.19240
51.00;2.24600
51.50;2.30740
52.00;2.37670
52.50;2.45030
53.00;2.53220
53.20;2.57050
53.40;2.61270
53.60;2.65680
53.80;2.70430
54.00;2.75500
54.20;2.80470
54.40;2.86740
54.60;2.93240
54.80;3.00370
55.00;3.08680
55.10;3.13390
55.20;3.18240
55.30;3.23760
55.40;3.29330
55.50;3.34810
55.60;3.40990
55.70;3.46930
55.80;3.52560
55.90;3.58200
56.00;3.62620
56.10;3.67330
56.20;3.70120
56.30;3.72320
56.40;3.73560
56.50;3.74110
56.60;3.73910
56.70;3.73090
56.80;3.72090
56.90;3.70540
57.00;3.68760
57.10;3.66300
57.20;3.63750
57.30;3.60840
57.40;3.58120
57.50;3.54950
57.60;3.50890
57.70;3.47140
57.80;3.43840
57.90;3.39540
58.00;3.35210
58.20;3.26320
58.40;3.16300
58.60;3.06790
58.80;2.97240
59.00;2.88020
59.20;2.77340
59.40;2.65260
59.60;2.52740
59.80;2.38230
60.00;2.23470
60.20;2.08230
60.40;1.93360
60.60;1.80070
60.80;1.68040
61.00;1.59200
61.20;1.51280
61.40;1.44340
61.60;1.35880
61.80;1.24570
62.00;1.10000
62.20;0.90639
62.40;0.70017
62.60;0.51038
62.80;0.37710
63.00;0.29016
63.20;0.24422
63.40;0.21925
63.60;0.20881
63.80;0.20450
64.00;0.20217
64.50;0.19738
65.00;0.19205
65.50;0.18747
66.00;0.18306
66.50;0.17891
67.00;0.17494
67.50;0.17097
69.50;0.15579
71.50;0.14200
73.50;0.13067
75.50;0.12008
76.00;0.11775
81.00;0.09911
86.00;0.08682
91.00;0.07812
96.00;0.07147
101.00;0.06489
106.00;0.05880
111.00;0.05358
116.00;0.04901
121.00;0.04444
126.00;0.04069
131.00;0.03692
136.00;0.03336
137.50;0.03216
152.50;0.02367
167.50;0.01679
182.50;0.01189
197.50;0.00806
212.50;0.00585
227.50;0.00409
242.50;0.00337
257.50;0.00247
272.50;0.00227
287.50;0.00185
302.50;0.00121
317.50;0.00108
332.50;0.00076
347.50;0.00042
362.50;0.00057
363.00;0.00040
End:; 
Origin of data [Measured/Computed]:; Measured
Machine/Treatment room:; hzRoom1_90_RF4_250701
Snout name:; hzRoom1_90_RF4
Range modulator name:; RF4
Radiation type:; Carbon
Curve type [Depth/X/Y/AbsoluteDosimetry]:; Depth
Medium:; Water
Single spot [Yes/No]:; Yes
Isocenter to snout distance [mm]:; 680
Isocenter to phantom surface distance [mm]:; 150
Detector lateral shape [Quadratic/Circular]:; Circular
Detector lateral side/diameter [mm]:; 80
Nominal beam energy [MeV]:; 2282.28
Measured dose curve (Depth [mm] Dose [a.u.]):; 
13.00;1.16410
23.00;1.22670
26.00;1.24970
28.00;1.26590
30.00;1.28450
32.00;1.30420
34.00;1.32650
36.00;1.34920
38.00;1.37420
40.00;1.40240
42.00;1.43410
44.00;1.46770
46.00;1.50600
48.00;1.55010
50.00;1.60060
52.00;1.65870
54.00;1.72560
56.00;1.80870
58.00;1.90830
58.50;1.93410
59.00;1.96430
59.50;1.99710
60.00;2.02950
60.50;2.06250
61.00;2.10070
61.50;2.14270
62.00;2.18510
62.50;2.23170
63.00;2.28300
63.50;2.34160
64.00;2.40250
64.50;2.47020
65.00;2.54530
65.50;2.63570
66.00;2.73800
66.20;2.78440
66.40;2.83210
66.60;2.88220
66.80;2.94330
67.00;3.00760
67.20;3.07880
67.40;3.15700
67.60;3.25230
67.80;3.36280
68.00;3.49450
68.10;3.55940
68.20;3.62120
68.30;3.66780
68.40;3.72490
68.50;3.77100
68.60;3.80290
68.70;3.82460
68.80;3.83740
68.90;3.84330
69.00;3.84450
69.10;3.83550
69.20;3.82380
69.30;3.80940
69.40;3.79060
69.50;3.76640
69.60;3.74390
69.70;3.71220
69.80;3.68310
69.90;3.65200
70.00;3.61870
70.10;3.58290
70.20;3.53960
70.30;3.49770
70.40;3.45400
70.50;3.40790
70.60;3.36330
70.70;3.31300
70.80;3.26190
70.90;3.20840
71.00;3.15950
71.20;3.06550
71.40;2.97140
71.60;2.86720
71.80;2.75130
72.00;2.61890
72.20;2.47130
72.40;2.31740
72.60;2.15800
72.80;2.00410
73.00;1.87150
73.20;1.75200
73.40;1.65680
73.60;1.58320
73.80;1.51560
74.00;1.44360
74.20;1.34240
74.40;1.18880
74.60;0.99896
74.80;0.77574
75.00;0.57907
75.20;0.43398
75.40;0.33904
75.60;0.28366
75.80;0.25828
76.00;0.24753
76.20;0.24291
76.40;0.23947
76.60;0.23796
76.80;0.23569
77.00;0.23316
77.50;0.22886
78.00;0.22427
78.50;0.21969
79.00;0.21590
79.50;0.21174
80.00;0.20658
80.50;0.20335
82.50;0.18778
84.50;0.17405
86.50;0.16158
88.50;0.15046
89.00;0.14754
94.00;0.12476
99.00;0.10976
104.00;0.09918
109.00;0.09075
114.00;0.08436
119.00;0.07787
124.00;0.07204
129.00;0.06681
134.00;0.06131
139.00;0.05703
144.00;0.05258
149.00;0.04867
151.00;0.04722
166.00;0.03668
181.00;0.02791
196.00;0.02111
211.00;0.01531
226.00;0.01073
241.00;0.00835
256.00;0.00636
271.00;0.00536
286.00;0.00395
301.00;0.00328
316.00;0.00279
331.00;0.00210
346.00;0.00180
361.00;0.00166
363.00;0.00139
End:; 
Origin of data [Measured/Computed]:; Measured
Machine/Treatment room:; hzRoom1_90_RF4_250701
Snout name:; hzRoom1_90_RF4
Range modulator name:; RF4
Radiation type:; Carbon
Curve type [Depth/X/Y/AbsoluteDosimetry]:; Depth
Medium:; Water
Single spot [Yes/No]:; Yes
Isocenter to snout distance [mm]:; 680
Isocenter to phantom surface distance [mm]:; 150
Detector lateral shape [Quadratic/Circular]:; Circular
Detector lateral side/diameter [mm]:; 80
Nominal beam energy [MeV]:; 2537.28
Measured dose curve (Depth [mm] Dose [a.u.]):; 
13.00;1.14750
23.00;1.18570
33.00;1.23940
42.00;1.30300
44.00;1.31980
46.00;1.33900
48.00;1.35780
50.00;1.38000
52.00;1.40290
54.00;1.42840
56.00;1.45750
58.00;1.48910
60.00;1.52490
62.00;1.56390
64.00;1.60720
66.00;1.65790
68.00;1.71590
70.00;1.78400
72.00;1.86410
74.00;1.96270
74.50;1.98990
75.00;2.01850
75.50;2.04960
76.00;2.08290
76.50;2.11500
77.00;2.15040
77.50;2.19060
78.00;2.23110
78.50;2.27440
79.00;2.32110
79.50;2.37580
80.00;2.43100
80.50;2.49250
81.00;2.56330
81.50;2.64560
82.00;2.74010
82.20;2.78140
82.40;2.82500
82.60;2.87080
82.80;2.92200
83.00;2.98170
83.20;3.03940
83.40;3.10910
83.60;3.18790
83.80;3.27810
84.00;3.39170
84.10;3.44720
84.20;3.50900
84.30;3.57240
84.40;3.62680
84.50;3.68590
84.60;3.74390
84.70;3.78890
84.80;3.82760
84.90;3.85820
85.00;3.87590
85.10;3.89150
85.20;3.89350
85.30;3.89100
85.40;3.88080
85.50;3.86780
85.60;3.84900
85.70;3.82560
85.80;3.80250
85.90;3.77680
86.00;3.74470
86.10;3.71170
86.20;3.67710
86.30;3.64150
86.40;3.60200
86.50;3.55920
86.60;3.51810
86.70;3.47070
86.80;3.42370
86.90;3.37270
87.00;3.32000
87.20;3.23020
87.40;3.13380
87.60;3.02640
87.80;2.92720
88.00;2.81970
88.20;2.69860
88.40;2.56110
88.60;2.39810
88.80;2.24400
89.00;2.08950
89.20;1.95130
89.40;1.83020
89.60;1.72520
89.80;1.64450
90.00;1.57560
90.20;1.51030
90.40;1.41820
90.60;1.29090
90.80;1.09940
91.00;0.90015
91.20;0.70401
91.40;0.53270
91.60;0.41935
91.80;0.34459
92.00;0.30974
92.20;0.29383
92.40;0.28580
92.60;0.28340
92.80;0.28082
93.00;0.27879
93.50;0.27334
94.00;0.26891
94.50;0.26478
95.00;0.26059
95.50;0.25631
96.00;0.25165
96.50;0.24839
98.50;0.23228
100.50;0.21796
102.50;0.20504
104.50;0.19307
105.00;0.19041
110.00;0.16354
115.00;0.14349
120.00;0.12830
125.00;0.11782
130.00;0.10944
135.00;0.10295
140.00;0.09637
145.00;0.09026
150.00;0.08486
155.00;0.07955
160.00;0.07458
165.00;0.06998
166.50;0.06869
181.50;0.05611
196.50;0.04605
211.50;0.03707
226.50;0.02929
241.50;0.02304
256.50;0.01777
271.50;0.01347
286.50;0.01049
301.50;0.00859
316.50;0.00715
331.50;0.00526
346.50;0.00424
361.50;0.00404
363.00;0.00375
End:; 
Origin of data [Measured/Computed]:; Measured
Machine/Treatment room:; hzRoom1_90_RF4_250701
Snout name:; hzRoom1_90_RF4
Range modulator name:; RF4
Radiation type:; Carbon
Curve type [Depth/X/Y/AbsoluteDosimetry]:; Depth
Medium:; Water
Single spot [Yes/No]:; Yes
Isocenter to snout distance [mm]:; 680
Isocenter to phantom surface distance [mm]:; 150
Detector lateral shape [Quadratic/Circular]:; Circular
Detector lateral side/diameter [mm]:; 80
Nominal beam energy [MeV]:; 2887.56
Measured dose curve (Depth [mm] Dose [a.u.]):; 
13.00;1.13240
23.00;1.15550
33.00;1.18520
43.00;1.22140
53.00;1.26810
63.00;1.33220
66.00;1.35630
68.00;1.37280
70.00;1.39160
72.00;1.41170
74.00;1.43260
76.00;1.45760
78.00;1.48260
80.00;1.51180
82.00;1.54320
84.00;1.58030
86.00;1.62010
88.00;1.66600
90.00;1.71590
92.00;1.77510
94.00;1.84580
96.00;1.92630
98.00;2.02130
98.50;2.04800
99.00;2.07370
99.50;2.10270
100.00;2.13420
100.50;2.16830
101.00;2.20480
101.50;2.24220
102.00;2.28190
102.50;2.32670
103.00;2.37360
103.50;2.42450
104.00;2.47890
104.50;2.54290
105.00;2.61000
105.50;2.68860
106.00;2.77710
106.20;2.81650
106.40;2.86400
106.60;2.91090
106.80;2.96110
107.00;3.01560
107.20;3.07750
107.40;3.14920
107.60;3.23360
107.80;3.32530
108.00;3.42520
108.10;3.48720
108.20;3.54910
108.30;3.60620
108.40;3.65540
108.50;3.71320
108.60;3.75620
108.70;3.79490
108.80;3.83260
108.90;3.85760
109.00;3.87230
109.10;3.88300
109.20;3.88650
109.30;3.88160
109.40;3.87280
109.50;3.85910
109.60;3.83990
109.70;3.81930
109.80;3.79220
109.90;3.76210
110.00;3.73100
110.10;3.69660
110.20;3.65780
110.30;3.62010
110.40;3.57710
110.50;3.53050
110.60;3.49090
110.70;3.44370
110.80;3.39790
110.90;3.34680
111.00;3.29250
111.20;3.19770
111.40;3.09940
111.60;3.00470
111.80;2.90250
112.00;2.78240
112.20;2.64670
112.40;2.49730
112.60;2.35590
112.80;2.20770
113.00;2.07350
113.20;1.94190
113.40;1.82920
113.60;1.74690
113.80;1.67030
114.00;1.59650
114.20;1.51390
114.40;1.40780
114.60;1.28110
114.80;1.11530
115.00;0.93588
115.20;0.75078
115.40;0.59974
115.60;0.48848
115.80;0.41704
116.00;0.37543
116.20;0.35407
116.40;0.34411
116.60;0.33951
116.80;0.33723
117.00;0.33506
117.50;0.32991
118.00;0.32549
118.50;0.32144
119.00;0.31705
119.50;0.31315
120.00;0.30862
120.50;0.30506
122.50;0.28934
124.50;0.27575
126.50;0.26295
128.50;0.24985
129.00;0.24740
134.00;0.21944
139.00;0.19466
144.00;0.17412
149.00;0.15857
154.00;0.14694
159.00;0.13774
164.00;0.13089
169.00;0.12423
174.00;0.11809
179.00;0.11244
184.00;0.10643
189.00;0.10148
190.50;0.10028
205.50;0.08486
220.50;0.07264
235.50;0.06117
250.50;0.05197
265.50;0.04309
280.50;0.03612
295.50;0.02871
310.50;0.02406
325.50;0.01857
340.50;0.01528
355.50;0.01234
370.50;0.00984
385.50;0.00822
400.50;0.00664
413.00;0.00580
End:; 
Origin of data [Measured/Computed]:; Measured
Machine/Treatment room:; hzRoom1_90_RF4_250701
Snout name:; hzRoom1_90_RF4
Range modulator name:; RF4
Radiation type:; Carbon
Curve type [Depth/X/Y/AbsoluteDosimetry]:; Depth
Medium:; Water
Single spot [Yes/No]:; Yes
Isocenter to snout distance [mm]:; 680
Isocenter to phantom surface distance [mm]:; 150
Detector lateral shape [Quadratic/Circular]:; Circular
Detector lateral side/diameter [mm]:; 80
Nominal beam energy [MeV]:; 3132.36
Measured dose curve (Depth [mm] Dose [a.u.]):; 
13.00;1.12320
23.00;1.13970
33.00;1.15840
43.00;1.18070
53.00;1.21170
63.00;1.24790
73.00;1.29870
83.00;1.36660
84.00;1.37470
86.00;1.39070
88.00;1.40950
90.00;1.42950
92.00;1.45180
94.00;1.47620
96.00;1.50220
98.00;1.53180
100.00;1.56470
102.00;1.60030
104.00;1.64050
106.00;1.68650
108.00;1.73880
110.00;1.79890
112.00;1.86770
114.00;1.94730
116.00;2.03900
116.50;2.06410
117.00;2.09190
117.50;2.12110
118.00;2.15050
118.50;2.18230
119.00;2.21620
119.50;2.25500
120.00;2.29420
120.50;2.33630
121.00;2.38350
121.50;2.43630
122.00;2.49360
122.50;2.55760
123.00;2.62740
123.50;2.71210
124.00;2.80690
124.20;2.84990
124.40;2.89710
124.60;2.94930
124.80;3.00540
125.00;3.06800
125.20;3.13870
125.40;3.21610
125.60;3.31280
125.80;3.41510
126.00;3.52290
126.10;3.57600
126.20;3.62310
126.30;3.66710
126.40;3.71130
126.50;3.74850
126.60;3.77710
126.70;3.79170
126.80;3.80760
126.90;3.81730
127.00;3.81510
127.10;3.81180
127.20;3.80260
127.30;3.78560
127.40;3.76700
127.50;3.74440
127.60;3.71590
127.70;3.68650
127.80;3.65410
127.90;3.62000
128.00;3.58500
128.10;3.54650
128.20;3.50680
128.30;3.46200
128.40;3.41900
128.50;3.37700
128.60;3.33050
128.70;3.27750
128.80;3.22700
128.90;3.18170
129.00;3.13690
129.20;3.04420
129.40;2.93990
129.60;2.82960
129.80;2.70550
130.00;2.57360
130.20;2.42970
130.40;2.28280
130.60;2.14100
130.80;2.00160
131.00;1.88910
131.20;1.78720
131.40;1.70180
131.60;1.61600
131.80;1.53850
132.00;1.44230
132.20;1.33530
132.40;1.20610
132.60;1.04040
132.80;0.87662
133.00;0.72521
133.20;0.60000
133.40;0.50694
133.60;0.44184
133.80;0.40506
134.00;0.38562
134.20;0.37614
134.40;0.37032
134.60;0.36839
134.80;0.36623
135.00;0.36395
135.50;0.36003
136.00;0.35522
136.50;0.35142
137.00;0.34689
137.50;0.34315
138.00;0.33884
138.50;0.33554
140.50;0.32135
142.50;0.30744
144.50;0.29555
146.50;0.28304
147.00;0.28031
152.00;0.25207
157.00;0.22812
162.00;0.20516
167.00;0.18785
172.00;0.17211
177.00;0.16151
182.00;0.15238
187.00;0.14419
192.00;0.13893
197.00;0.13253
202.00;0.12705
207.00;0.12152
208.50;0.12034
223.50;0.10534
238.50;0.09189
253.50;0.07959
268.50;0.06914
283.50;0.05913
298.50;0.05065
313.50;0.04312
328.50;0.03615
343.50;0.03021
358.50;0.02484
373.50;0.02098
388.50;0.01665
403.50;0.01383
413.00;0.01280
End:; 
Origin of data [Measured/Computed]:; Measured
Machine/Treatment room:; hzRoom1_90_RF4_250701
Snout name:; hzRoom1_90_RF4
Range modulator name:; RF4
Radiation type:; Carbon
Curve type [Depth/X/Y/AbsoluteDosimetry]:; Depth
Medium:; Water
Single spot [Yes/No]:; Yes
Isocenter to snout distance [mm]:; 680
Isocenter to phantom surface distance [mm]:; 150
Detector lateral shape [Quadratic/Circular]:; Circular
Detector lateral side/diameter [mm]:; 80
Nominal beam energy [MeV]:; 3392.28
Measured dose curve (Depth [mm] Dose [a.u.]):; 
13.00;1.11860
23.00;1.12910
33.00;1.14130
43.00;1.15530
53.00;1.17360
63.00;1.19440
73.00;1.22360
83.00;1.25910
93.00;1.30840
103.00;1.37530
105.00;1.39100
107.00;1.41040
109.00;1.42980
111.00;1.45210
113.00;1.47520
115.00;1.49970
117.00;1.52840
119.00;1.55850
121.00;1.59550
123.00;1.63200
125.00;1.67530
127.00;1.72480
129.00;1.78110
131.00;1.84210
133.00;1.91450
135.00;1.99780
135.50;2.01980
136.00;2.04460
136.50;2.06940
137.00;2.09600
137.50;2.12650
138.00;2.15460
138.50;2.18660
139.00;2.21940
139.50;2.25790
140.00;2.29710
140.50;2.34140
141.00;2.38870
141.50;2.44140
142.00;2.50200
142.50;2.56930
143.00;2.64760
143.20;2.68130
143.40;2.71930
143.60;2.75960
143.80;2.80360
144.00;2.84810
144.20;2.89730
144.40;2.95050
144.60;3.01370
144.80;3.08110
145.00;3.16090
145.10;3.20920
145.20;3.25160
145.30;3.29710
145.40;3.33980
145.50;3.39380
145.60;3.44230
145.70;3.48870
145.80;3.52870
145.90;3.56730
146.00;3.60480
146.10;3.63740
146.20;3.66310
146.30;3.68200
146.40;3.69400
146.50;3.69850
146.60;3.70100
146.70;3.69930
146.80;3.68930
146.90;3.67560
147.00;3.65570
147.10;3.63760
147.20;3.61120
147.30;3.58430
147.40;3.55520
147.50;3.52240
147.60;3.48610
147.70;3.45430
147.80;3.41380
147.90;3.36990
148.00;3.33030
148.20;3.24930
148.40;3.16490
148.60;3.07430
148.80;2.98390
149.00;2.88340
149.20;2.78050
149.40;2.67280
149.60;2.54270
149.80;2.40730
150.00;2.26540
150.20;2.13670
150.40;2.01470
150.60;1.90150
150.80;1.79650
151.00;1.70550
151.20;1.62370
151.40;1.53920
151.60;1.45040
151.80;1.33260
152.00;1.19940
152.20;1.05730
152.40;0.91301
152.60;0.78259
152.80;0.65094
153.00;0.55460
153.20;0.49199
153.40;0.44815
153.60;0.42580
153.80;0.41082
154.00;0.40432
154.50;0.39651
155.00;0.39310
155.50;0.38925
156.00;0.38477
156.50;0.38021
157.00;0.37812
157.50;0.37408
159.50;0.36029
161.50;0.34630
163.50;0.33379
165.50;0.32254
166.00;0.31957
171.00;0.29153
176.00;0.26726
181.00;0.24455
186.00;0.22321
191.00;0.20667
196.00;0.19186
201.00;0.17966
206.00;0.17121
211.00;0.16355
216.00;0.15716
221.00;0.15091
226.00;0.14434
227.50;0.14367
242.50;0.12745
257.50;0.11271
272.50;0.10097
287.50;0.08838
302.50;0.07813
317.50;0.06854
332.50;0.06055
347.50;0.05246
362.50;0.04525
377.50;0.03895
392.50;0.03348
407.50;0.02814
413.00;0.02581
End:; 
Origin of data [Measured/Computed]:; Measured
Machine/Treatment room:; hzRoom1_90_RF4_250701
Snout name:; hzRoom1_90_RF4
Range modulator name:; RF4
Radiation type:; Carbon
Curve type [Depth/X/Y/AbsoluteDosimetry]:; Depth
Medium:; Water
Single spot [Yes/No]:; Yes
Isocenter to snout distance [mm]:; 680
Isocenter to phantom surface distance [mm]:; 150
Detector lateral shape [Quadratic/Circular]:; Circular
Detector lateral side/diameter [mm]:; 80
Nominal beam energy [MeV]:; 3717.84
Measured dose curve (Depth [mm] Dose [a.u.]):; 
13.00;1.11370
23.00;1.12030
33.00;1.12510
43.00;1.13230
53.00;1.14030
63.00;1.15090
73.00;1.16530
83.00;1.18250
93.00;1.20570
103.00;1.23360
113.00;1.27180
123.00;1.32530
129.00;1.36640
131.00;1.38300
133.00;1.40070
135.00;1.41770
137.00;1.43890
139.00;1.46090
141.00;1.48620
143.00;1.51310
145.00;1.54310
147.00;1.57590
149.00;1.61360
151.00;1.65400
153.00;1.70210
155.00;1.75200
157.00;1.80830
159.00;1.87230
161.00;1.94500
161.50;1.96640
162.00;1.98800
162.50;2.01110
163.00;2.03440
163.50;2.06190
164.00;2.09030
164.50;2.11790
165.00;2.14980
165.50;2.18360
166.00;2.22070
166.50;2.25930
167.00;2.30220
167.50;2.35550
168.00;2.40720
168.50;2.47020
169.00;2.53990
169.20;2.57030
169.40;2.60800
169.60;2.64370
169.80;2.68120
170.00;2.72560
170.20;2.76890
170.40;2.82200
170.60;2.87980
170.80;2.94610
171.00;3.00470
171.10;3.04990
171.20;3.09860
171.30;3.13380
171.40;3.17310
171.50;3.21220
171.60;3.25280
171.70;3.29600
171.80;3.33100
171.90;3.36850
172.00;3.39980
172.10;3.42700
172.20;3.45140
172.30;3.46700
172.40;3.47900
172.50;3.48920
172.60;3.49020
172.70;3.48750
172.80;3.48560
172.90;3.47330
173.00;3.45970
173.10;3.44260
173.20;3.42370
173.30;3.40110
173.40;3.37860
173.50;3.34630
173.60;3.31730
173.70;3.28910
173.80;3.25840
173.90;3.22340
174.00;3.18440
174.20;3.10980
174.40;3.03750
174.60;2.96440
174.80;2.87400
175.00;2.78620
175.20;2.68770
175.40;2.58820
175.60;2.49010
175.80;2.37370
176.00;2.25060
176.20;2.12970
176.40;2.00830
176.60;1.90500
176.80;1.80550
177.00;1.71530
177.20;1.62570
177.40;1.53410
177.60;1.44600
177.80;1.34410
178.00;1.23130
178.20;1.10240
178.40;0.96605
178.60;0.84456
178.80;0.72784
179.00;0.63262
179.20;0.55651
179.40;0.50274
179.60;0.46951
179.80;0.45196
180.00;0.44055
180.50;0.43009
181.00;0.42460
181.50;0.42095
182.00;0.41613
182.50;0.41362
183.00;0.41027
183.50;0.40630
185.50;0.39367
187.50;0.38125
189.50;0.36981
191.50;0.35853
192.00;0.35619
197.00;0.33035
202.00;0.30592
207.00;0.28336
212.00;0.26434
217.00;0.24603
222.00;0.22907
227.00;0.21467
232.00;0.20194
237.00;0.19193
242.00;0.18370
247.00;0.17720
252.00;0.17102
253.50;0.16912
268.50;0.15271
283.50;0.13894
298.50;0.12555
313.50;0.11270
328.50;0.10127
343.50;0.09045
358.50;0.08144
373.50;0.07262
388.50;0.06402
403.50;0.05707
413.00;0.05272
End:; 
Origin of data [Measured/Computed]:; Measured
Machine/Treatment room:; hzRoom1_90_RF4_250701
Snout name:; hzRoom1_90_RF4
Range modulator name:; RF4
Radiation type:; Carbon
Curve type [Depth/X/Y/AbsoluteDosimetry]:; Depth
Medium:; Water
Single spot [Yes/No]:; Yes
Isocenter to snout distance [mm]:; 680
Isocenter to phantom surface distance [mm]:; 150
Detector lateral shape [Quadratic/Circular]:; Circular
Detector lateral side/diameter [mm]:; 80
Nominal beam energy [MeV]:; 3961.08
Measured dose curve (Depth [mm] Dose [a.u.]):; 
13.00;1.11120
23.00;1.11390
33.00;1.11510
43.00;1.11800
53.00;1.12080
63.00;1.12680
73.00;1.13440
83.00;1.14350
93.00;1.15550
103.00;1.17170
113.00;1.19270
123.00;1.22040
133.00;1.25800
143.00;1.30760
149.70;1.35270
151.70;1.36820
153.70;1.38490
155.70;1.40430
157.70;1.42530
159.70;1.44760
161.70;1.47080
163.70;1.49860
165.70;1.52790
167.70;1.56240
169.70;1.59860
171.70;1.63950
173.70;1.68430
175.70;1.73120
177.70;1.78560
179.70;1.84640
181.70;1.91870
182.20;1.93800
182.70;1.95880
183.20;1.98140
183.70;2.00450
184.20;2.02990
184.70;2.05560
185.20;2.08510
185.70;2.12000
186.20;2.15410
186.70;2.19340
187.20;2.23480
187.70;2.28230
188.20;2.33630
188.70;2.39680
189.20;2.46690
189.70;2.54940
189.90;2.59080
190.10;2.63120
190.30;2.67740
190.50;2.72230
190.70;2.77760
190.90;2.83810
191.10;2.90920
191.30;2.97800
191.50;3.04670
191.70;3.12390
191.80;3.16320
191.90;3.19690
192.00;3.22900
192.10;3.25190
192.20;3.27440
192.30;3.29630
192.40;3.31330
192.50;3.32590
192.60;3.33300
192.70;3.34030
192.80;3.33630
192.90;3.33310
193.00;3.32570
193.10;3.31240
193.20;3.29410
193.30;3.27600
193.40;3.25420
193.50;3.23020
193.60;3.20260
193.70;3.17660
193.80;3.14430
193.90;3.11530
194.00;3.08340
194.10;3.04890
194.20;3.01280
194.30;2.97700
194.40;2.94030
194.50;2.90220
194.60;2.85980
194.70;2.81680
194.90;2.74420
195.10;2.65420
195.30;2.56480
195.50;2.45300
195.70;2.34810
195.90;2.24390
196.10;2.12730
196.30;2.02040
196.50;1.90980
196.70;1.80370
196.90;1.71050
197.10;1.62240
197.30;1.54020
197.50;1.45420
197.70;1.36110
197.90;1.26840
198.10;1.16400
198.30;1.05980
198.50;0.94082
198.70;0.82556
198.90;0.73045
199.10;0.64325
199.30;0.57774
199.50;0.52903
199.70;0.49393
199.90;0.47396
200.10;0.46237
200.30;0.45449
200.50;0.45011
200.70;0.44678
201.20;0.44215
201.70;0.43842
202.20;0.43596
202.70;0.43239
203.20;0.42887
203.70;0.42503
204.20;0.42179
206.20;0.41046
208.20;0.39919
210.20;0.38865
212.20;0.37872
212.70;0.37622
217.70;0.35115
222.70;0.32756
227.70;0.30785
232.70;0.28797
237.70;0.26991
242.70;0.25411
247.70;0.23887
252.70;0.22402
257.70;0.21227
262.70;0.20263
267.70;0.19497
272.70;0.18788
274.20;0.18690
289.20;0.16979
304.20;0.15511
319.20;0.14155
334.20;0.12919
349.20;0.11761
364.20;0.10638
379.20;0.09671
394.20;0.08630
409.20;0.07868
424.20;0.06958
439.20;0.06322
454.20;0.05628
463.00;0.05248
End:; 
Origin of data [Measured/Computed]:; Measured
Machine/Treatment room:; hzRoom1_90_RF4_250701
Snout name:; hzRoom1_90_RF4
Range modulator name:; RF4
Radiation type:; Carbon
Curve type [Depth/X/Y/AbsoluteDosimetry]:; Depth
Medium:; Water
Single spot [Yes/No]:; Yes
Isocenter to snout distance [mm]:; 680
Isocenter to phantom surface distance [mm]:; 150
Detector lateral shape [Quadratic/Circular]:; Circular
Detector lateral side/diameter [mm]:; 80
Nominal beam energy [MeV]:; 4267.44
Measured dose curve (Depth [mm] Dose [a.u.]):; 
13.00;1.11580
23.00;1.11430
33.00;1.11360
43.00;1.11230
53.00;1.11260
63.00;1.11320
73.00;1.11410
83.00;1.11660
93.00;1.12080
103.00;1.12720
113.00;1.13470
123.00;1.14760
133.00;1.16320
143.00;1.18490
153.00;1.21380
163.00;1.25530
173.00;1.30960
176.00;1.33000
178.00;1.34600
180.00;1.36220
182.00;1.38000
184.00;1.40080
186.00;1.42170
188.00;1.44500
190.00;1.47190
192.00;1.49970
194.00;1.52930
196.00;1.56360
198.00;1.59940
200.00;1.63910
202.00;1.68310
204.00;1.73030
206.00;1.78520
208.00;1.85310
208.50;1.87060
209.00;1.89010
209.50;1.91020
210.00;1.93350
210.50;1.95710
211.00;1.98490
211.50;2.01240
212.00;2.04070
212.50;2.07560
213.00;2.11060
213.50;2.15300
214.00;2.19620
214.50;2.24600
215.00;2.30230
215.50;2.36820
216.00;2.44590
216.20;2.48330
216.40;2.52090
216.60;2.56390
216.80;2.60850
217.00;2.65650
217.20;2.70990
217.40;2.77150
217.60;2.83750
217.80;2.89200
218.00;2.95910
218.10;2.98880
218.20;3.02700
218.30;3.05170
218.40;3.07500
218.50;3.09710
218.60;3.11490
218.70;3.13050
218.80;3.14290
218.90;3.15510
219.00;3.15890
219.10;3.16100
219.20;3.15880
219.30;3.14850
219.40;3.13860
219.50;3.12220
219.60;3.10440
219.70;3.08440
219.80;3.06520
219.90;3.03650
220.00;3.00770
220.10;2.97980
220.20;2.95020
220.30;2.91920
220.40;2.88420
220.50;2.84440
220.60;2.80760
220.70;2.77490
220.80;2.73920
220.90;2.70070
221.00;2.65930
221.20;2.57780
221.40;2.48990
221.60;2.39970
221.80;2.30840
222.00;2.20300
222.20;2.09360
222.40;1.99460
222.60;1.89640
222.80;1.79570
223.00;1.70690
223.20;1.61100
223.40;1.53240
223.60;1.45140
223.80;1.37390
224.00;1.29790
224.20;1.20750
224.40;1.11710
224.60;1.02660
224.80;0.93226
225.00;0.84442
225.20;0.75408
225.40;0.67595
225.60;0.61788
225.80;0.56725
226.00;0.53234
226.20;0.50660
226.40;0.49014
226.60;0.47965
226.80;0.47244
227.00;0.46959
227.50;0.46349
228.00;0.46030
228.50;0.45625
229.00;0.45306
229.50;0.45037
230.00;0.44750
230.50;0.44463
232.50;0.43295
234.50;0.42333
236.50;0.41193
238.50;0.40294
239.00;0.39913
244.00;0.37716
249.00;0.35650
254.00;0.33683
259.00;0.31725
264.00;0.29993
269.00;0.28307
274.00;0.26692
279.00;0.25422
284.00;0.24184
289.00;0.23026
294.00;0.22079
299.00;0.21182
300.50;0.20913
315.50;0.19059
330.50;0.17647
345.50;0.16304
360.50;0.14963
375.50;0.13708
390.50;0.12653
405.50;0.11554
420.50;0.10588
435.50;0.09479
450.50;0.08760
463.00;0.08061
End:; 
Origin of data [Measured/Computed]:; Measured
Machine/Treatment room:; hzRoom1_90_RF4_250701
Snout name:; hzRoom1_90_RF4
Range modulator name:; RF4
Radiation type:; Carbon
Curve type [Depth/X/Y/AbsoluteDosimetry]:; Depth
Medium:; Water
Single spot [Yes/No]:; Yes
Isocenter to snout distance [mm]:; 680
Isocenter to phantom surface distance [mm]:; 150
Detector lateral shape [Quadratic/Circular]:; Circular
Detector lateral side/diameter [mm]:; 80
Nominal beam energy [MeV]:; 4599.12
Measured dose curve (Depth [mm] Dose [a.u.]):; 
13.00;1.11930
23.00;1.11680
33.00;1.11370
43.00;1.10650
53.00;1.10410
63.00;1.10060
73.00;1.09860
83.00;1.09580
93.00;1.09540
103.00;1.09420
113.00;1.09650
123.00;1.10030
133.00;1.10250
143.00;1.11100
153.00;1.12150
163.00;1.13550
173.00;1.15520
183.00;1.18040
193.00;1.21740
203.00;1.26960
206.40;1.29080
208.40;1.30400
210.40;1.32000
212.40;1.33590
214.40;1.35530
216.40;1.37620
218.40;1.39860
220.40;1.42150
222.40;1.44630
224.40;1.47420
226.40;1.50360
228.40;1.53340
230.40;1.56700
232.40;1.60480
234.40;1.64590
236.40;1.69340
238.40;1.75220
238.90;1.76920
239.40;1.78610
239.90;1.80380
240.40;1.82240
240.90;1.84470
241.40;1.86910
241.90;1.89420
242.40;1.91990
242.90;1.95060
243.40;1.98410
243.90;2.01930
244.40;2.05940
244.90;2.10620
245.40;2.16110
245.90;2.22030
246.40;2.29210
246.60;2.32450
246.80;2.36320
247.00;2.40670
247.20;2.44400
247.40;2.48990
247.60;2.53710
247.80;2.58670
248.00;2.64140
248.20;2.69780
248.40;2.74870
248.50;2.76900
248.60;2.79280
248.70;2.81770
248.80;2.84020
248.90;2.85690
249.00;2.87080
249.10;2.88240
249.20;2.89130
249.30;2.89740
249.40;2.90580
249.50;2.90390
249.60;2.89900
249.70;2.89390
249.80;2.88790
249.90;2.87520
250.00;2.86070
250.10;2.84480
250.20;2.82650
250.30;2.80680
250.40;2.78060
250.50;2.75540
250.60;2.72840
250.70;2.70530
250.80;2.67670
250.90;2.64670
251.00;2.61370
251.10;2.58540
251.20;2.55000
251.30;2.51410
251.40;2.48290
251.60;2.41590
251.80;2.33190
252.00;2.25490
252.20;2.16820
252.40;2.08870
252.60;1.99670
252.80;1.89720
253.00;1.81160
253.20;1.72570
253.40;1.64210
253.60;1.56260
253.80;1.47780
254.00;1.39920
254.20;1.32020
254.40;1.24340
254.60;1.16460
254.80;1.08100
255.00;0.98971
255.20;0.90504
255.40;0.83077
255.60;0.75739
255.80;0.69151
256.00;0.63238
256.20;0.58756
256.40;0.55525
256.60;0.52958
256.80;0.51170
257.00;0.50000
257.20;0.49196
257.40;0.48685
257.90;0.48010
258.40;0.47644
258.90;0.47294
259.40;0.47028
259.90;0.46709
260.40;0.46558
260.90;0.46285
262.90;0.44945
264.90;0.44179
266.90;0.43310
268.90;0.42441
269.40;0.42289
274.40;0.40146
279.40;0.38089
284.40;0.36299
289.40;0.34544
294.40;0.32870
299.40;0.31360
304.40;0.29924
309.40;0.28497
314.40;0.27107
319.40;0.25915
324.40;0.24771
329.40;0.23840
330.90;0.23429
345.90;0.21386
360.90;0.19771
375.90;0.18351
390.90;0.17115
405.90;0.15915
420.90;0.14762
435.90;0.13719
450.90;0.12668
463.00;0.11848
End:; 
Origin of data [Measured/Computed]:; Measured
Machine/Treatment room:; hzRoom1_90_RF4_250701
Snout name:; hzRoom1_90_RF4
Range modulator name:; RF4
Radiation type:; Carbon
Curve type [Depth/X/Y/AbsoluteDosimetry]:; Depth
Medium:; Water
Single spot [Yes/No]:; Yes
Isocenter to snout distance [mm]:; 680
Isocenter to phantom surface distance [mm]:; 150
Detector lateral shape [Quadratic/Circular]:; Circular
Detector lateral side/diameter [mm]:; 80
Nominal beam energy [MeV]:; 4799.04
Measured dose curve (Depth [mm] Dose [a.u.]):; 
13.00;1.12180
23.00;1.11760
33.00;1.11050
43.00;1.10700
53.00;1.10160
63.00;1.09760
73.00;1.09090
83.00;1.08730
93.00;1.08400
103.00;1.08080
113.00;1.07640
123.00;1.07620
133.00;1.07750
143.00;1.07970
153.00;1.08530
163.00;1.09090
173.00;1.10180
183.00;1.11650
193.00;1.13440
203.00;1.16050
213.00;1.19850
223.00;1.25000
224.70;1.26110
226.70;1.27440
228.70;1.28810
230.70;1.30420
232.70;1.32220
234.70;1.34120
236.70;1.36180
238.70;1.38330
240.70;1.40740
242.70;1.43210
244.70;1.45720
246.70;1.48570
248.70;1.51600
250.70;1.54830
252.70;1.58610
254.70;1.63110
256.70;1.68340
257.20;1.70040
257.70;1.71870
258.20;1.73550
258.70;1.75410
259.20;1.77420
259.70;1.79540
260.20;1.81820
260.70;1.84400
261.20;1.87120
261.70;1.90030
262.20;1.93400
262.70;1.97200
263.20;2.01230
263.70;2.06430
264.20;2.11840
264.70;2.18680
264.90;2.21560
265.10;2.24870
265.30;2.27890
265.50;2.32340
265.70;2.36080
265.90;2.41150
266.10;2.45890
266.30;2.50740
266.50;2.55610
266.70;2.60650
266.80;2.63240
266.90;2.65690
267.00;2.67810
267.10;2.69750
267.20;2.71690
267.30;2.73000
267.40;2.74740
267.50;2.76180
267.60;2.76630
267.70;2.77650
267.80;2.77970
267.90;2.78340
268.00;2.77710
268.10;2.77380
268.20;2.76670
268.30;2.75580
268.40;2.74100
268.50;2.72130
268.60;2.70250
268.70;2.68310
268.80;2.66270
268.90;2.64000
269.00;2.61040
269.10;2.58260
269.20;2.55540
269.30;2.52680
269.40;2.49670
269.50;2.45910
269.60;2.42510
269.70;2.39230
269.90;2.32670
270.10;2.25710
270.30;2.17990
270.50;2.08630
270.70;2.00450
270.90;1.91920
271.10;1.82740
271.30;1.74870
271.50;1.65490
271.70;1.57330
271.90;1.49130
272.10;1.41620
272.30;1.34170
272.50;1.26870
272.70;1.19670
272.90;1.12650
273.10;1.05270
273.30;0.98405
273.50;0.91391
273.70;0.83476
273.90;0.76905
274.10;0.71418
274.30;0.65984
274.50;0.61494
274.70;0.57572
274.90;0.54749
275.10;0.52827
275.30;0.51333
275.50;0.50242
275.70;0.49501
276.20;0.48546
276.70;0.48220
277.20;0.47909
277.70;0.47633
278.20;0.47267
278.70;0.47055
279.20;0.46705
281.20;0.45889
283.20;0.44966
285.20;0.44202
287.20;0.43306
287.70;0.43071
292.70;0.41234
297.70;0.39424
302.70;0.37592
307.70;0.35862
312.70;0.34155
317.70;0.32737
322.70;0.31283
327.70;0.29863
332.70;0.28557
337.70;0.27366
342.70;0.26227
347.70;0.25211
349.20;0.24831
364.20;0.22498
379.20;0.20830
394.20;0.19423
409.20;0.18131
424.20;0.16910
439.20;0.15729
454.20;0.14682
463.00;0.14026
End:; 

