Energy[MeV/u]	Depth[mm]	Sigma_fit[mm]	Sigma[mm]
120.26	-300	7.75	7.75
120.26	-150	6.84	6.94
120.26	0	5.86	6.09
120.26	150	4.99	5.19
120.26	300	4.1	4.2
123.91	-300	7.5	7.55
123.91	-150	6.62	6.75
123.91	0	5.78	5.93
123.91	150	4.88	5.06
123.91	300	4.04	4.11
127.51	-300	7.37	7.37
127.51	-150	6.56	6.58
127.51	0	5.73	5.77
127.51	150	4.86	4.93
127.51	300	4.06	4.03
131.05	-300	7.16	7.19
131.05	-150	6.37	6.42
131.05	0	5.48	5.63
131.05	150	4.69	4.82
131.05	300	3.93	3.95
134.55	-300	7.01	7.03
134.55	-150	6.2	6.28
134.55	0	5.39	5.5
134.55	150	4.57	4.71
134.55	300	3.84	3.88
138	-300	6.84	6.88
138	-150	6.07	6.14
138	0	5.29	5.38
138	150	4.5	4.61
138	300	3.8	3.8
141.4	-300	6.82	6.74
141.4	-150	6.03	6.01
141.4	0	5.24	5.27
141.4	150	4.48	4.51
141.4	300	3.76	3.74
144.75	-300	6.62	6.6
144.75	-150	5.86	5.88
144.75	0	5.07	5.16
144.75	150	4.25	4.43
144.75	300	3.59	3.67
148.06	-300	6.52	6.47
148.06	-150	5.8	5.77
148.06	0	5.01	5.06
148.06	150	4.31	4.34
148.06	300	3.65	3.61
151.32	-300	6.33	6.35
151.32	-150	5.65	5.66
151.32	0	4.93	4.96
151.32	150	4.2	4.26
151.32	300	3.59	3.56
154.54	-300	6.31	6.24
154.54	-150	5.61	5.56
154.54	0	4.86	4.88
154.54	150	4.2	4.19
154.54	300	3.57	3.5
157.72	-300	6.18	6.13
157.72	-150	5.46	5.46
157.72	0	4.8	4.79
157.72	150	4.14	4.12
157.72	300	3.57	3.45
160.86	-300	6.07	6.03
160.86	-150	5.39	5.37
160.86	0	4.74	4.71
160.86	150	4.1	4.05
160.86	300	3.57	3.4
163.95	-300	6.05	5.93
163.95	-150	5.35	5.28
163.95	0	4.67	4.63
163.95	150	4.08	3.99
163.95	300	3.53	3.35
167.01	-300	5.92	5.84
167.01	-150	5.27	5.2
167.01	0	4.57	4.56
167.01	150	3.97	3.93
167.01	300	3.4	3.3
170.03	-300	5.84	5.75
170.03	-150	5.2	5.12
170.03	0	4.52	4.49
170.03	150	3.95	3.87
170.03	300	3.44	3.26
173.01	-300	5.78	5.66
173.01	-150	5.1	5.04
173.01	0	4.48	4.43
173.01	150	3.89	3.82
173.01	300	3.38	3.22
175.96	-300	5.67	5.58
175.96	-150	4.99	4.97
175.96	0	4.35	4.36
175.96	150	3.74	3.76
175.96	300	3.16	3.18
178.87	-300	5.52	5.5
178.87	-150	4.86	4.9
178.87	0	4.23	4.3
178.87	150	3.63	3.71
178.87	300	3.06	3.14
181.75	-300	5.48	5.43
181.75	-150	4.82	4.83
181.75	0	4.16	4.25
181.75	150	3.57	3.67
181.75	300	3.02	3.1
184.59	-300	5.37	5.36
184.59	-150	4.74	4.77
184.59	0	4.1	4.19
184.59	150	3.55	3.62
184.59	300	3.04	3.06
187.41	-300	5.31	5.29
187.41	-150	4.67	4.71
187.41	0	4.08	4.14
187.41	150	3.5	3.57
187.41	300	2.97	3.03
190.19	-300	5.2	5.22
190.19	-150	4.59	4.65
190.19	0	3.99	4.09
190.19	150	3.46	3.53
190.19	300	2.95	2.99
192.94	-300	5.16	5.16
192.94	-150	4.54	4.59
192.94	0	3.97	4.04
192.94	150	3.44	3.49
192.94	300	2.97	2.96
195.66	-300	5.05	5.1
195.66	-150	4.48	4.54
195.66	0	3.93	3.99
195.66	150	3.4	3.45
195.66	300	2.91	2.93
198.36	-300	4.99	5.04
198.36	-150	4.4	4.49
198.36	0	3.84	3.94
198.36	150	3.31	3.41
198.36	300	2.85	2.9
201.03	-300	4.9	4.98
201.03	-150	4.35	4.44
201.03	0	3.78	3.9
201.03	150	3.25	3.38
201.03	300	2.78	2.87
203.67	-300	4.86	4.92
203.67	-150	4.31	4.39
203.67	0	3.72	3.86
203.67	150	3.21	3.34
203.67	300	2.72	2.84
206.28	-300	4.86	4.87
206.28	-150	4.27	4.34
206.28	0	3.69	3.82
206.28	150	3.16	3.3
206.28	300	2.68	2.82
208.87	-300	4.76	4.82
208.87	-150	4.2	4.29
208.87	0	3.65	3.77
208.87	150	3.23	3.27
208.87	300	2.72	2.79
211.44	-300	4.71	4.77
211.44	-150	4.2	4.25
211.44	0	3.63	3.74
211.44	150	3.16	3.24
211.44	300	2.7	2.76
213.98	-300	4.65	4.72
213.98	-150	4.1	4.2
213.98	0	3.59	3.7
213.98	150	3.08	3.21
213.98	300	2.66	2.74
216.5	-300	4.63	4.67
216.5	-150	4.08	4.16
216.5	0	3.57	3.66
216.5	150	3.04	3.18
216.5	300	2.61	2.71
219	-300	4.57	4.63
219	-150	4.03	4.12
219	0	3.52	3.63
219	150	3.02	3.15
219	300	2.59	2.69
221.48	-300	4.52	4.58
221.48	-150	3.99	4.08
221.48	0	3.48	3.59
221.48	150	3.04	3.12
221.48	300	2.61	2.67
223.94	-300	4.48	4.54
223.94	-150	3.97	4.04
223.94	0	3.46	3.56
223.94	150	2.99	3.09
223.94	300	2.57	2.65
226.37	-300	4.48	4.5
226.37	-150	3.95	4.01
226.37	0	3.46	3.53
226.37	150	2.99	3.06
226.37	300	2.55	2.63
228.79	-300	4.48	4.46
228.79	-150	3.93	3.97
228.79	0	3.44	3.49
228.79	150	2.97	3.04
228.79	300	2.55	2.61
231.19	-300	4.44	4.42
231.19	-150	3.93	3.94
231.19	0	3.4	3.46
231.19	150	2.89	3.01
231.19	300	2.46	2.59
233.58	-300	4.4	4.38
233.58	-150	3.91	3.9
233.58	0	3.4	3.43
233.58	150	2.95	2.98
233.58	300	2.53	2.57
235.94	-300	4.33	4.34
235.94	-150	3.82	3.87
235.94	0	3.42	3.4
235.94	150	2.95	2.96
235.94	300	2.62	2.55
238.29	-300	4.31	4.31
238.29	-150	3.8	3.83
238.29	0	3.35	3.37
238.29	150	2.87	2.94
238.29	300	2.51	2.53
240.63	-300	4.29	4.27
240.63	-150	3.76	3.8
240.63	0	3.29	3.35
240.63	150	2.87	2.91
240.63	300	2.46	2.51
242.95	-300	4.27	4.24
242.95	-150	3.78	3.77
242.95	0	3.27	3.32
242.95	150	2.85	2.89
242.95	300	2.46	2.49
245.25	-300	4.27	4.2
245.25	-150	3.74	3.74
245.25	0	3.27	3.29
245.25	150	2.85	2.87
245.25	300	2.42	2.48
247.54	-300	4.23	4.17
247.54	-150	3.72	3.71
247.54	0	3.25	3.27
247.54	150	2.8	2.85
247.54	300	2.42	2.46
249.82	-300	4.23	4.14
249.82	-150	3.72	3.68
249.82	0	3.25	3.24
249.82	150	2.8	2.83
249.82	300	2.38	2.45
252.09	-300	4.12	4.11
252.09	-150	3.63	3.65
252.09	0	3.21	3.22
252.09	150	2.85	2.8
252.09	300	2.51	2.43
254.34	-300	4.1	4.08
254.34	-150	3.63	3.62
254.34	0	3.18	3.19
254.34	150	2.78	2.78
254.34	300	2.4	2.42
256.58	-300	4.08	4.05
256.58	-150	3.59	3.6
256.58	0	3.18	3.17
256.58	150	2.78	2.77
256.58	300	2.4	2.4
258.81	-300	4.08	4.02
258.81	-150	3.61	3.57
258.81	0	3.16	3.14
258.81	150	2.74	2.75
258.81	300	2.38	2.39
261.03	-300	4.08	3.99
261.03	-150	3.59	3.54
261.03	0	3.16	3.12
261.03	150	2.65	2.73
261.03	300	2.36	2.37
263.23	-300	4.03	3.96
263.23	-150	3.57	3.52
263.23	0	3.16	3.1
263.23	150	2.76	2.71
263.23	300	2.46	2.36
265.43	-300	4.03	3.93
265.43	-150	3.55	3.49
265.43	0	3.08	3.08
265.43	150	2.7	2.69
265.43	300	2.4	2.35
267.62	-300	4.01	3.9
267.62	-150	3.55	3.47
267.62	0	3.12	3.06
267.62	150	2.72	2.67
267.62	300	2.38	2.34
269.8	-300	3.95	3.88
269.8	-150	3.5	3.44
269.8	0	3.08	3.03
269.8	150	2.65	2.66
269.8	300	2.34	2.33
271.97	-300	3.89	3.85
271.97	-150	3.46	3.42
271.97	0	3.04	3.01
271.97	150	2.68	2.64
271.97	300	2.42	2.31
274.13	-300	3.86	3.82
274.13	-150	3.44	3.4
274.13	0	3.06	2.99
274.13	150	2.65	2.62
274.13	300	2.4	2.3
276.28	-300	3.84	3.8
276.28	-150	3.4	3.38
276.28	0	3.02	2.97
276.28	150	2.61	2.61
276.28	300	2.38	2.29
278.42	-300	3.84	3.78
278.42	-150	3.38	3.35
278.42	0	2.97	2.95
278.42	150	2.59	2.59
278.42	300	2.36	2.28
280.56	-300	3.8	3.75
280.56	-150	3.35	3.33
280.56	0	2.97	2.94
280.56	150	2.59	2.58
280.56	300	2.34	2.27
282.69	-300	3.78	3.73
282.69	-150	3.35	3.31
282.69	0	2.93	2.92
282.69	150	2.55	2.56
282.69	300	2.32	2.26
284.81	-300	3.78	3.7
284.81	-150	3.33	3.29
284.81	0	2.91	2.9
284.81	150	2.53	2.55
284.81	300	2.25	2.25
286.93	-300	3.74	3.68
286.93	-150	3.31	3.27
286.93	0	2.89	2.88
286.93	150	2.55	2.53
286.93	300	2.25	2.24
289.04	-300	3.67	3.66
289.04	-150	3.25	3.25
289.04	0	2.87	2.86
289.04	150	2.51	2.52
289.04	300	2.28	2.23
291.14	-300	3.63	3.64
291.14	-150	3.25	3.23
291.14	0	2.87	2.85
291.14	150	2.51	2.51
291.14	300	2.28	2.23
293.24	-300	3.63	3.61
293.24	-150	3.23	3.21
293.24	0	2.85	2.83
293.24	150	2.46	2.49
293.24	300	2.25	2.22
295.33	-300	3.61	3.59
295.33	-150	3.18	3.19
295.33	0	2.8	2.81
295.33	150	2.48	2.48
295.33	300	2.25	2.21
297.42	-300	3.55	3.57
297.42	-150	3.14	3.17
297.42	0	2.76	2.8
297.42	150	2.44	2.47
297.42	300	2.2	2.2
299.5	-300	3.52	3.55
299.5	-150	3.1	3.15
299.5	0	2.74	2.78
299.5	150	2.4	2.45
299.5	300	2.18	2.19
301.57	-300	3.52	3.53
301.57	-150	3.12	3.13
301.57	0	2.72	2.76
301.57	150	2.4	2.44
301.57	300	2.15	2.19
303.64	-300	3.5	3.51
303.64	-150	3.12	3.11
303.64	0	2.7	2.75
303.64	150	2.31	2.43
303.64	300	2.11	2.18
305.71	-300	3.5	3.49
305.71	-150	3.08	3.1
305.71	0	2.7	2.73
305.71	150	2.34	2.42
305.71	300	2.11	2.17
307.77	-300	3.46	3.47
307.77	-150	3.08	3.08
307.77	0	2.7	2.72
307.77	150	2.34	2.41
307.77	300	2.06	2.17
309.82	-300	3.46	3.45
309.82	-150	3.06	3.06
309.82	0	2.65	2.71
309.82	150	2.31	2.4
309.82	300	2.06	2.16
311.87	-300	3.46	3.44
311.87	-150	3.04	3.05
311.87	0	2.63	2.69
311.87	150	2.27	2.39
311.87	300	2.04	2.16
313.91	-300	3.44	3.42
313.91	-150	3.02	3.03
313.91	0	2.61	2.68
313.91	150	2.27	2.38
313.91	300	1.98	2.15
315.95	-300	3.44	3.4
315.95	-150	3.02	3.01
315.95	0	2.61	2.66
315.95	150	2.27	2.37
315.95	300	2.02	2.15
317.99	-300	3.44	3.38
317.99	-150	2.97	3
317.99	0	2.59	2.65
317.99	150	2.25	2.36
317.99	300	2	2.14
320.02	-300	3.44	3.36
320.02	-150	2.99	2.98
320.02	0	2.59	2.64
320.02	150	2.25	2.35
320.02	300	1.95	2.14
322.04	-300	3.27	3.35
322.04	-150	2.93	2.97
322.04	0	2.57	2.63
322.04	150	2.25	2.34
322.04	300	2.12	2.13
324.06	-300	3.27	3.33
324.06	-150	2.91	2.95
324.06	0	2.55	2.61
324.06	150	2.27	2.33
324.06	300	2.14	2.13
326.08	-300	3.27	3.31
326.08	-150	2.91	2.94
326.08	0	2.53	2.6
326.08	150	2.27	2.32
326.08	300	2.12	2.12
328.09	-300	3.25	3.3
328.09	-150	2.87	2.92
328.09	0	2.53	2.59
328.09	150	2.25	2.31
328.09	300	2.03	2.12
330.09	-300	3.27	3.28
330.09	-150	2.89	2.91
330.09	0	2.55	2.58
330.09	150	2.27	2.31
330.09	300	2.05	2.12
332.09	-300	3.29	3.27
332.09	-150	2.91	2.9
332.09	0	2.55	2.57
332.09	150	2.27	2.3
332.09	300	2.06	2.11
334.09	-300	3.27	3.25
334.09	-150	2.91	2.88
334.09	0	2.57	2.56
334.09	150	2.25	2.29
334.09	300	2.04	2.11
336.08	-300	3.23	3.24
336.08	-150	2.87	2.87
336.08	0	2.51	2.55
336.08	150	2.25	2.28
336.08	300	1.98	2.11
338.06	-300	3.23	3.22
338.06	-150	2.87	2.86
338.06	0	2.51	2.54
338.06	150	2.21	2.28
338.06	300	1.98	2.1
340.04	-300	3.19	3.21
340.04	-150	2.82	2.84
340.04	0	2.48	2.53
340.04	150	2.23	2.27
340.04	300	2.03	2.1
342.01	-300	3.19	3.19
342.01	-150	2.82	2.83
342.01	0	2.46	2.52
342.01	150	2.21	2.26
342.01	300	2.02	2.1
343.97	-300	3.21	3.18
343.97	-150	2.82	2.82
343.97	0	2.46	2.51
343.97	150	2.21	2.26
343.97	300	2	2.1
345.93	-300	3.16	3.16
345.93	-150	2.82	2.81
345.93	0	2.48	2.5
345.93	150	2.21	2.25
345.93	300	2	2.1
347.88	-300	3.12	3.15
347.88	-150	2.78	2.8
347.88	0	2.44	2.49
347.88	150	2.21	2.25
347.88	300	2.02	2.09
349.83	-300	3.12	3.14
349.83	-150	2.76	2.79
349.83	0	2.46	2.48
349.83	150	2.21	2.24
349.83	300	2	2.09
351.77	-300	3.14	3.12
351.77	-150	2.78	2.78
351.77	0	2.49	2.47
351.77	150	2.23	2.24
351.77	300	2	2.09
353.7	-300	3.12	3.11
353.7	-150	2.76	2.76
353.7	0	2.46	2.47
353.7	150	2.19	2.23
353.7	300	1.95	2.09
355.62	-300	3.16	3.1
355.62	-150	2.8	2.75
355.62	0	2.46	2.46
355.62	150	2.23	2.23
355.62	300	2.02	2.09
357.53	-300	3.14	3.09
357.53	-150	2.82	2.74
357.53	0	2.46	2.45
357.53	150	2.27	2.22
357.53	300	2.11	2.09
359.44	-300	3.14	3.07
359.44	-150	2.74	2.73
359.44	0	2.46	2.44
359.44	150	2.23	2.22
359.44	300	2.08	2.09
361.34	-300	3.14	3.06
361.34	-150	2.78	2.72
361.34	0	2.48	2.44
361.34	150	2.27	2.22
361.34	300	2.08	2.09
363.23	-300	3.12	3.05
363.23	-150	2.78	2.72
363.23	0	2.48	2.43
363.23	150	2.19	2.21
363.23	300	2.06	2.09
365.1	-300	3.14	3.04
365.1	-150	2.78	2.71
365.1	0	2.44	2.42
365.1	150	2.19	2.21
365.1	300	2.04	2.09
366.97	-300	3.16	3.03
366.97	-150	2.8	2.7
366.97	0	2.46	2.42
366.97	150	2.23	2.21
366.97	300	2.02	2.09
368.83	-300	3.23	3.02
368.83	-150	2.87	2.69
368.83	0	2.48	2.41
368.83	150	2.23	2.21
368.83	300	2.08	2.09
370.68	-300	3.1	3.01
370.68	-150	2.72	2.68
370.68	0	2.4	2.41
370.68	150	2.19	2.2
370.68	300	2	2.09
372.51	-300	3.08	3
372.51	-150	2.7	2.67
372.51	0	2.4	2.4
372.51	150	2.12	2.2
372.51	300	1.96	2.09
374.34	-300	3.06	2.99
374.34	-150	2.72	2.67
374.34	0	2.42	2.4
374.34	150	2.17	2.2
374.34	300	2.02	2.09
376.15	-300	3.04	2.98
376.15	-150	2.7	2.66
376.15	0	2.38	2.39
376.15	150	2.17	2.2
376.15	300	2.02	2.09
377.95	-300	3.02	2.97
377.95	-150	2.7	2.65
377.95	0	2.4	2.39
377.95	150	2.17	2.2
377.95	300	2.12	2.1
379.73	-300	3.02	2.96
379.73	-150	2.68	2.64
379.73	0	2.38	2.38
379.73	150	2.19	2.2
379.73	300	2.07	2.1
381.51	-300	2.97	2.95
381.51	-150	2.65	2.64
381.51	0	2.34	2.38
381.51	150	2.12	2.19
381.51	300	1.98	2.1
383.26	-300	2.95	2.94
383.26	-150	2.63	2.63
383.26	0	2.36	2.38
383.26	150	2.17	2.19
383.26	300	2.07	2.1
385.01	-300	2.95	2.93
385.01	-150	2.63	2.62
385.01	0	2.34	2.37
385.01	150	2.15	2.19
385.01	300	2	2.1
386.73	-300	2.93	2.92
386.73	-150	2.63	2.62
386.73	0	2.38	2.37
386.73	150	2.17	2.19
386.73	300	2.07	2.1
388.44	-300	2.91	2.91
388.44	-150	2.59	2.61
388.44	0	2.31	2.37
388.44	150	2.06	2.19
388.44	300	1.92	2.11
390.14	-300	2.97	2.9
390.14	-150	2.65	2.61
390.14	0	2.42	2.36
390.14	150	2.19	2.19
390.14	300	2.06	2.11
391.82	-300	2.93	2.9
391.82	-150	2.63	2.6
391.82	0	2.38	2.36
391.82	150	2.19	2.19
391.82	300	2.07	2.11
393.47	-300	2.91	2.89
393.47	-150	2.61	2.6
393.47	0	2.36	2.36
393.47	150	2.19	2.19
393.47	300	2.1	2.11
395.11	-300	2.93	2.88
395.11	-150	2.61	2.59
395.11	0	2.36	2.36
395.11	150	2.17	2.19
395.11	300	2.05	2.12
396.73	-300	2.87	2.87
396.73	-150	2.59	2.59
396.73	0	2.31	2.36
396.73	150	2.13	2.19
396.73	300	2.01	2.12
398.34	-300	2.89	2.87
398.34	-150	2.59	2.58
398.34	0	2.34	2.35
398.34	150	2.12	2.2
398.34	300	2	2.12
399.92	-300	2.89	2.86
399.92	-150	2.55	2.58
399.92	0	2.31	2.35
399.92	150	2.15	2.2
399.92	300	2.05	2.12

