BeamNumber,BeamName,LayerIndex,ControlPointIndex,Energy_MeVu,SpotIndex,X_mm,Y_mm,MetersetWeight_MU,RelativeWeight,PlanRelativeWeight,NumberOfPaintings,WeightPerPainting_MU,FWHM_X_mm,FWHM_Y_mm,LowStatisticsAnchor,OriginalSpotIndex,OriginalSpotMetersetWeight_MU
1,1,1,0,120.26,1,0.8999999761581421,0.0,2196.7762603759766,0.0017893080361615931,0.0017893080361615931,1,2196.7762603759766,14.31149959564209,14.31149959564209,center,31,36.01380157470703
1,1,1,0,120.26,2,-56.29999923706055,25.0,2196.7762603759766,0.0017893080361615931,0.0017893080361615931,1,2196.7762603759766,14.31149959564209,14.31149959564209,x_min,201,34.60879898071289
1,1,1,0,120.26,3,56.29999923706055,-2.0,2196.7762603759766,0.0017893080361615931,0.0017893080361615931,1,2196.7762603759766,14.31149959564209,14.31149959564209,x_max,75,33.295799255371094
1,1,1,0,120.26,4,-0.8999999761581421,-57.0,2196.7762603759766,0.0017893080361615931,0.0017893080361615931,1,2196.7762603759766,14.31149959564209,14.31149959564209,y_min,137,33.968101501464844
1,1,1,0,120.26,5,25.100000381469727,58.0,2196.7762603759766,0.0017893080361615931,0.0017893080361615931,1,2196.7762603759766,14.31149959564209,14.31149959564209,y_max,313,32.69459915161133
1,1,2,2,123.91,1,2.5999999046325684,1.0,2167.481300354004,0.001765446840858355,0.001765446840858355,1,2167.481300354004,14.31149959564209,14.31149959564209,center,124,37.61259841918945
1,1,2,2,123.91,2,-56.29999923706055,7.0,2167.481300354004,0.001765446840858355,0.001765446840858355,1,2167.481300354004,14.31149959564209,14.31149959564209,x_min,250,37.46689987182617
1,1,2,2,123.91,3,56.29999923706055,10.0,2167.481300354004,0.001765446840858355,0.001765446840858355,1,2167.481300354004,14.31149959564209,14.31149959564209,x_max,162,37.962501525878906
1,1,2,2,123.91,4,-4.300000190734863,-57.0,2167.481300354004,0.001765446840858355,0.001765446840858355,1,2167.481300354004,14.31149959564209,14.31149959564209,y_min,48,37.98160171508789
1,1,2,2,123.91,5,-54.599998474121094,58.0,2167.481300354004,0.001765446840858355,0.001765446840858355,1,2167.481300354004,14.31149959564209,14.31149959564209,y_max,242,38.75139999389648
1,1,3,4,127.51,1,2.5999999046325684,3.0,2616.939457702637,0.002131537419752652,0.002131537419752652,1,2616.939457702637,14.31149959564209,14.31149959564209,center,77,40.274600982666016
1,1,3,4,127.51,2,-56.29999923706055,-9.0,2616.939457702637,0.002131537419752652,0.002131537419752652,1,2616.939457702637,14.31149959564209,14.31149959564209,x_min,180,42.72869873046875
1,1,3,4,127.51,3,56.29999923706055,24.0,2616.939457702637,0.002131537419752652,0.002131537419752652,1,2616.939457702637,14.31149959564209,14.31149959564209,x_max,315,41.1515998840332
1,1,3,4,127.51,4,2.5999999046325684,-57.0,2616.939457702637,0.002131537419752652,0.002131537419752652,1,2616.939457702637,14.31149959564209,14.31149959564209,y_min,216,39.25130081176758
1,1,3,4,127.51,5,-2.5999999046325684,58.0,2616.939457702637,0.002131537419752652,0.002131537419752652,1,2616.939457702637,14.31149959564209,14.31149959564209,y_max,128,38.654300689697266
1,1,4,6,134.55,1,2.5999999046325684,3.0,2652.6853424072265,0.0021606529923830125,0.0021606529923830125,1,2652.6853424072265,13.928449630737305,13.928449630737305,center,315,37.61899948120117
1,1,4,6,134.55,2,-56.29999923706055,-3.0,2652.6853424072265,0.0021606529923830125,0.0021606529923830125,1,2652.6853424072265,13.928449630737305,13.928449630737305,x_min,102,38.4994010925293
1,1,4,6,134.55,3,56.29999923706055,-8.0,2652.6853424072265,0.0021606529923830125,0.0021606529923830125,1,2652.6853424072265,13.928449630737305,13.928449630737305,x_max,225,37.070098876953125
1,1,4,6,134.55,4,-25.100000381469727,-57.0,2652.6853424072265,0.0021606529923830125,0.0021606529923830125,1,2652.6853424072265,13.928449630737305,13.928449630737305,y_min,138,37.51350021362305
1,1,4,6,134.55,5,0.8999999761581421,58.0,2652.6853424072265,0.0021606529923830125,0.0021606529923830125,1,2652.6853424072265,13.928449630737305,13.928449630737305,y_max,31,39.16780090332031
1,1,5,8,138.0,1,-2.5999999046325684,-2.0,1616.7376617431642,0.0013168576803661558,0.0013168576803661558,1,1616.7376617431642,13.571249961853027,13.571249961853027,center,190,32.60369873046875
1,1,5,8,138.0,2,-56.29999923706055,-5.0,1616.7376617431642,0.0013168576803661558,0.0013168576803661558,1,1616.7376617431642,13.571249961853027,13.571249961853027,x_min,224,34.846099853515625
1,1,5,8,138.0,3,56.29999923706055,16.0,1616.7376617431642,0.0013168576803661558,0.0013168576803661558,1,1616.7376617431642,13.571249961853027,13.571249961853027,x_max,82,34.5004997253418
1,1,5,8,138.0,4,-25.100000381469727,-57.0,1616.7376617431642,0.0013168576803661558,0.0013168576803661558,1,1616.7376617431642,13.571249961853027,13.571249961853027,y_min,153,34.099300384521484
1,1,5,8,138.0,5,11.300000190734863,58.0,1616.7376617431642,0.0013168576803661558,0.0013168576803661558,1,1616.7376617431642,13.571249961853027,13.571249961853027,y_max,53,32.18769836425781
1,1,6,10,141.4,1,-0.8999999761581421,-1.0,1422.746600341797,0.0011588489785379708,0.0011588489785379708,1,1422.746600341797,13.571249961853027,13.571249961853027,center,231,29.04800033569336
1,1,6,10,141.4,2,-56.29999923706055,-15.0,1422.746600341797,0.0011588489785379708,0.0011588489785379708,1,1422.746600341797,13.571249961853027,13.571249961853027,x_min,71,30.737699508666992
1,1,6,10,141.4,3,56.29999923706055,-10.0,1422.746600341797,0.0011588489785379708,0.0011588489785379708,1,1422.746600341797,13.571249961853027,13.571249961853027,x_max,139,30.672399520874023
1,1,6,10,141.4,4,23.399999618530273,-57.0,1422.746600341797,0.0011588489785379708,0.0011588489785379708,1,1422.746600341797,13.571249961853027,13.571249961853027,y_min,111,30.388099670410156
1,1,6,10,141.4,5,-6.099999904632568,56.0,1422.746600341797,0.0011588489785379708,0.0011588489785379708,1,1422.746600341797,13.571249961853027,13.571249961853027,y_max,168,30.93989944458008
1,1,7,12,144.75,1,0.8999999761581421,-2.0,1686.003358078003,0.0013732756548853469,0.0013732756548853469,1,1686.003358078003,13.242250442504885,13.242250442504885,center,94,28.596500396728516
1,1,7,12,144.75,2,-56.29999923706055,-5.0,1686.003358078003,0.0013732756548853469,0.0013732756548853469,1,1686.003358078003,13.242250442504885,13.242250442504885,x_min,247,27.739999771118164
1,1,7,12,144.75,3,56.29999923706055,4.0,1686.003358078003,0.0013732756548853469,0.0013732756548853469,1,1686.003358078003,13.242250442504885,13.242250442504885,x_max,4,26.604400634765625
1,1,7,12,144.75,4,-28.600000381469727,-57.0,1686.003358078003,0.0013732756548853469,0.0013732756548853469,1,1686.003358078003,13.242250442504885,13.242250442504885,y_min,269,26.863100051879883
1,1,7,12,144.75,5,-9.5,58.0,1686.003358078003,0.0013732756548853469,0.0013732756548853469,1,1686.003358078003,13.242250442504885,13.242250442504885,y_max,37,27.78809928894043
1,1,8,14,148.06,1,0.8999999761581421,-2.0,1829.905759048462,0.0014904863727557784,0.0014904863727557784,1,1829.905759048462,12.934399604797363,12.934399604797363,center,134,28.71430015563965
1,1,8,14,148.06,2,-56.29999923706055,-5.0,1829.905759048462,0.0014904863727557784,0.0014904863727557784,1,1829.905759048462,12.934399604797363,12.934399604797363,x_min,213,28.89189910888672
1,1,8,14,148.06,3,56.29999923706055,-6.0,1829.905759048462,0.0014904863727557784,0.0014904863727557784,1,1829.905759048462,12.934399604797363,12.934399604797363,x_max,32,27.784900665283203
1,1,8,14,148.06,4,2.5999999046325684,-57.0,1829.905759048462,0.0014904863727557784,0.0014904863727557784,1,1829.905759048462,12.934399604797363,12.934399604797363,y_min,311,26.638700485229492
1,1,8,14,148.06,5,-16.399999618530273,58.0,1829.905759048462,0.0014904863727557784,0.0014904863727557784,1,1829.905759048462,12.934399604797363,12.934399604797363,y_max,106,29.237699508666992
1,1,9,16,151.32,1,-0.8999999761581421,-3.0,1764.2646179199219,0.0014370206541741272,0.0014370206541741272,1,1764.2646179199219,12.645350456237791,12.645350456237791,center,131,27.458499908447266
1,1,9,16,151.32,2,-56.29999923706055,9.0,1764.2646179199219,0.0014370206541741272,0.0014370206541741272,1,1764.2646179199219,12.645350456237791,12.645350456237791,x_min,204,28.01099967956543
1,1,9,16,151.32,3,56.29999923706055,14.0,1764.2646179199219,0.0014370206541741272,0.0014370206541741272,1,1764.2646179199219,12.645350456237791,12.645350456237791,x_max,261,26.46660041809082
1,1,9,16,151.32,4,2.5999999046325684,-57.0,1764.2646179199219,0.0014370206541741272,0.0014370206541741272,1,1764.2646179199219,12.645350456237791,12.645350456237791,y_min,68,27.516199111938477
1,1,9,16,151.32,5,-16.399999618530273,58.0,1764.2646179199219,0.0014370206541741272,0.0014370206541741272,1,1764.2646179199219,12.645350456237791,12.645350456237791,y_max,218,27.32390022277832
1,1,10,18,154.54,1,-0.8999999761581421,1.0,1772.1858211517333,0.001443472595982859,0.001443472595982859,1,1772.1858211517333,12.377449989318848,12.377449989318848,center,164,27.542400360107425
1,1,10,18,154.54,2,-56.29999923706055,-5.0,1772.1858211517333,0.001443472595982859,0.001443472595982859,1,1772.1858211517333,12.377449989318848,12.377449989318848,x_min,90,28.855300903320312
1,1,10,18,154.54,3,56.29999923706055,8.0,1772.1858211517333,0.001443472595982859,0.001443472595982859,1,1772.1858211517333,12.377449989318848,12.377449989318848,x_max,258,26.855199813842773
1,1,10,18,154.54,4,37.20000076293945,-57.0,1772.1858211517333,0.001443472595982859,0.001443472595982859,1,1772.1858211517333,12.377449989318848,12.377449989318848,y_min,281,27.92639923095703
1,1,10,18,154.54,5,7.800000190734863,58.0,1772.1858211517333,0.001443472595982859,0.001443472595982859,1,1772.1858211517333,12.377449989318848,12.377449989318848,y_max,224,26.57159996032715
1,1,11,20,157.72,1,-0.8999999761581421,3.0,1927.256538772583,0.001569780079460873,0.001569780079460873,1,1927.256538772583,12.12600040435791,12.12600040435791,center,253,24.47929954528809
1,1,11,20,157.72,2,-56.29999923706055,-3.0,1927.256538772583,0.001569780079460873,0.001569780079460873,1,1927.256538772583,12.12600040435791,12.12600040435791,x_min,72,26.379199981689453
1,1,11,20,157.72,3,56.29999923706055,12.0,1927.256538772583,0.001569780079460873,0.001569780079460873,1,1927.256538772583,12.12600040435791,12.12600040435791,x_max,159,25.37579917907715
1,1,11,20,157.72,4,6.099999904632568,-57.0,1927.256538772583,0.001569780079460873,0.001569780079460873,1,1927.256538772583,12.12600040435791,12.12600040435791,y_min,306,24.15399932861328
1,1,11,20,157.72,5,21.600000381469727,58.0,1927.256538772583,0.001569780079460873,0.001569780079460873,1,1927.256538772583,12.12600040435791,12.12600040435791,y_max,236,25.84869956970215
1,1,12,22,160.86,1,0.8999999761581421,0.0,1881.7741371154784,0.0015327339640885873,0.0015327339640885873,1,1881.7741371154784,12.12600040435791,12.12600040435791,center,44,24.56170082092285
1,1,12,22,160.86,2,-56.29999923706055,-3.0,1881.7741371154784,0.0015327339640885873,0.0015327339640885873,1,1881.7741371154784,12.12600040435791,12.12600040435791,x_min,81,26.947399139404297
1,1,12,22,160.86,3,56.29999923706055,4.0,1881.7741371154784,0.0015327339640885873,0.0015327339640885873,1,1881.7741371154784,12.12600040435791,12.12600040435791,x_max,257,22.8257999420166
1,1,12,22,160.86,4,-4.300000190734863,-57.0,1881.7741371154784,0.0015327339640885873,0.0015327339640885873,1,1881.7741371154784,12.12600040435791,12.12600040435791,y_min,9,21.51180076599121
1,1,12,22,160.86,5,2.5999999046325684,57.0,1881.7741371154784,0.0015327339640885873,0.0015327339640885873,1,1881.7741371154784,12.12600040435791,12.12600040435791,y_max,182,22.599899291992188
1,1,13,24,163.95,1,0.8999999761581421,-2.0,1803.5837007522582,0.0014690466516120101,0.0014690466516120101,1,1803.5837007522582,11.888649940490724,11.888649940490724,center,222,24.173900604248047
1,1,13,24,163.95,2,-56.29999923706055,5.0,1803.5837007522582,0.0014690466516120101,0.0014690466516120101,1,1803.5837007522582,11.888649940490724,11.888649940490724,x_min,48,23.214399337768555
1,1,13,24,163.95,3,56.29999923706055,-4.0,1803.5837007522582,0.0014690466516120101,0.0014690466516120101,1,1803.5837007522582,11.888649940490724,11.888649940490724,x_max,390,22.489500045776367
1,1,13,24,163.95,4,23.399999618530273,-57.0,1803.5837007522582,0.0014690466516120101,0.0014690466516120101,1,1803.5837007522582,11.888649940490724,11.888649940490724,y_min,308,21.71380043029785
1,1,13,24,163.95,5,0.8999999761581421,58.0,1803.5837007522582,0.0014690466516120101,0.0014690466516120101,1,1803.5837007522582,11.888649940490724,11.888649940490724,y_max,183,21.449199676513672
1,1,14,26,167.01,1,-0.8999999761581421,-1.0,1931.850517654419,0.0015735219458855487,0.0015735219458855487,1,1931.850517654419,11.667750358581545,11.667750358581545,center,193,22.965599060058594
1,1,14,26,167.01,2,-56.29999923706055,-3.0,1931.850517654419,0.0015735219458855487,0.0015735219458855487,1,1931.850517654419,11.667750358581545,11.667750358581545,x_min,168,24.52199935913086
1,1,14,26,167.01,3,56.29999923706055,-16.0,1931.850517654419,0.0015735219458855487,0.0015735219458855487,1,1931.850517654419,11.667750358581545,11.667750358581545,x_max,68,22.936599731445312
1,1,14,26,167.01,4,2.5999999046325684,-57.0,1931.850517654419,0.0015735219458855487,0.0015735219458855487,1,1931.850517654419,11.667750358581545,11.667750358581545,y_min,329,22.979799270629883
1,1,14,26,167.01,5,2.5999999046325684,57.0,1931.850517654419,0.0015735219458855487,0.0015735219458855487,1,1931.850517654419,11.667750358581545,11.667750358581545,y_max,152,23.59469985961914
1,1,15,28,170.03,1,-2.5999999046325684,0.0,1988.6827995300293,0.0016198127131829094,0.0016198127131829094,1,1988.6827995300293,11.456250190734863,11.456250190734863,center,211,25.725000381469727
1,1,15,28,170.03,2,-56.29999923706055,5.0,1988.6827995300293,0.0016198127131829094,0.0016198127131829094,1,1988.6827995300293,11.456250190734863,11.456250190734863,x_min,74,22.536399841308594
1,1,15,28,170.03,3,56.29999923706055,0.0,1988.6827995300293,0.0016198127131829094,0.0016198127131829094,1,1988.6827995300293,11.456250190734863,11.456250190734863,x_max,293,25.74959945678711
1,1,15,28,170.03,4,-4.300000190734863,-57.0,1988.6827995300293,0.0016198127131829094,0.0016198127131829094,1,1988.6827995300293,11.456250190734863,11.456250190734863,y_min,349,21.89299964904785
1,1,15,28,170.03,5,-30.299999237060547,58.0,1988.6827995300293,0.0016198127131829094,0.0016198127131829094,1,1988.6827995300293,11.456250190734863,11.456250190734863,y_max,93,23.314300537109375
1,1,16,30,173.01,1,2.5999999046325684,1.0,2072.259516143799,0.0016878872337294049,0.0016878872337294049,1,2072.259516143799,11.256500244140623,11.256500244140623,center,94,26.320199966430664
1,1,16,30,173.01,2,-56.29999923706055,7.0,2072.259516143799,0.0016878872337294049,0.0016878872337294049,1,2072.259516143799,11.256500244140623,11.256500244140623,x_min,340,25.52910041809082
1,1,16,30,173.01,3,56.29999923706055,0.0,2072.259516143799,0.0016878872337294049,0.0016878872337294049,1,2072.259516143799,11.256500244140623,11.256500244140623,x_max,208,26.043800354003903
1,1,16,30,173.01,4,54.599998474121094,-57.0,2072.259516143799,0.0016878872337294049,0.0016878872337294049,1,2072.259516143799,11.256500244140623,11.256500244140623,y_min,402,23.04199981689453
1,1,16,30,173.01,5,52.79999923706055,58.0,2072.259516143799,0.0016878872337294049,0.0016878872337294049,1,2072.259516143799,11.256500244140623,11.256500244140623,y_max,24,22.434999465942383
1,1,17,32,175.96,1,-4.300000190734863,-1.0,2049.1096954345703,0.0016690313488685437,0.0016690313488685437,1,2049.1096954345703,11.068499565124512,11.068499565124512,center,278,26.150400161743164
1,1,17,32,175.96,2,-56.29999923706055,-3.0,2049.1096954345703,0.0016690313488685437,0.0016690313488685437,1,2049.1096954345703,11.068499565124512,11.068499565124512,x_min,228,26.2273006439209
1,1,17,32,175.96,3,56.29999923706055,6.0,2049.1096954345703,0.0016690313488685437,0.0016690313488685437,1,2049.1096954345703,11.068499565124512,11.068499565124512,x_max,51,26.305200576782227
1,1,17,32,175.96,4,-21.600000381469727,-57.0,2049.1096954345703,0.0016690313488685437,0.0016690313488685437,1,2049.1096954345703,11.068499565124512,11.068499565124512,y_min,300,25.258399963378903
1,1,17,32,175.96,5,4.300000190734863,58.0,2049.1096954345703,0.0016690313488685437,0.0016690313488685437,1,2049.1096954345703,11.068499565124512,11.068499565124512,y_max,172,25.6466007232666
1,1,18,34,178.87,1,-0.8999999761581421,-1.0,2142.0185817718507,0.0017447070651227185,0.0017447070651227185,1,2142.0185817718507,10.889900207519531,10.889900207519531,center,200,22.60169982910156
1,1,18,34,178.87,2,-56.29999923706055,-7.0,2142.0185817718507,0.0017447070651227185,0.0017447070651227185,1,2142.0185817718507,10.889900207519531,10.889900207519531,x_min,35,25.027700424194336
1,1,18,34,178.87,3,56.29999923706055,-2.0,2142.0185817718507,0.0017447070651227185,0.0017447070651227185,1,2142.0185817718507,10.889900207519531,10.889900207519531,x_max,354,25.58370018005371
1,1,18,34,178.87,4,13.0,-57.0,2142.0185817718507,0.0017447070651227185,0.0017447070651227185,1,2142.0185817718507,10.889900207519531,10.889900207519531,y_min,156,25.915199279785156
1,1,18,34,178.87,5,-54.599998474121094,58.0,2142.0185817718507,0.0017447070651227185,0.0017447070651227185,1,2142.0185817718507,10.889900207519531,10.889900207519531,y_max,240,24.488800048828125
1,1,19,36,181.75,1,0.8999999761581421,-2.0,2179.955057525635,0.001775606907839645,0.001775606907839645,1,2179.955057525635,10.889900207519531,10.889900207519531,center,119,22.832300186157227
1,1,19,36,181.75,2,-56.29999923706055,1.0,2179.955057525635,0.001775606907839645,0.001775606907839645,1,2179.955057525635,10.889900207519531,10.889900207519531,x_min,102,24.28660011291504
1,1,19,36,181.75,3,56.29999923706055,4.0,2179.955057525635,0.001775606907839645,0.001775606907839645,1,2179.955057525635,10.889900207519531,10.889900207519531,x_max,309,22.851600646972656
1,1,19,36,181.75,4,-25.100000381469727,-57.0,2179.955057525635,0.001775606907839645,0.001775606907839645,1,2179.955057525635,10.889900207519531,10.889900207519531,y_min,188,25.767099380493164
1,1,19,36,181.75,5,0.8999999761581421,58.0,2179.955057525635,0.001775606907839645,0.001775606907839645,1,2179.955057525635,10.889900207519531,10.889900207519531,y_max,267,22.333599090576172
1,1,20,38,184.59,1,2.5999999046325684,-1.0,2169.4889039993286,0.0017670820648913168,0.0017670820648913168,1,2169.4889039993286,10.718350410461426,10.718350410461426,center,359,24.976299285888672
1,1,20,38,184.59,2,-56.29999923706055,1.0,2169.4889039993286,0.0017670820648913168,0.0017670820648913168,1,2169.4889039993286,10.718350410461426,10.718350410461426,x_min,148,25.10860061645508
1,1,20,38,184.59,3,56.29999923706055,-14.0,2169.4889039993286,0.0017670820648913168,0.0017670820648913168,1,2169.4889039993286,10.718350410461426,10.718350410461426,x_max,223,24.28689956665039
1,1,20,38,184.59,4,2.5999999046325684,-57.0,2169.4889039993286,0.0017670820648913168,0.0017670820648913168,1,2169.4889039993286,10.718350410461426,10.718350410461426,y_min,382,37.0265998840332
1,1,20,38,184.59,5,4.300000190734863,58.0,2169.4889039993286,0.0017670820648913168,0.0017670820648913168,1,2169.4889039993286,10.718350410461426,10.718350410461426,y_max,297,22.44079971313477
1,1,21,40,187.41,1,2.5999999046325684,1.0,2266.3579391479493,0.001845983383233578,0.001845983383233578,1,2266.3579391479493,10.55620002746582,10.55620002746582,center,303,23.128999710083008
1,1,21,40,187.41,2,-56.29999923706055,-7.0,2266.3579391479493,0.001845983383233578,0.001845983383233578,1,2266.3579391479493,10.55620002746582,10.55620002746582,x_min,192,26.813600540161133
1,1,21,40,187.41,3,56.29999923706055,2.0,2266.3579391479493,0.001845983383233578,0.001845983383233578,1,2266.3579391479493,10.55620002746582,10.55620002746582,x_max,430,24.238800048828125
1,1,21,40,187.41,4,-6.099999904632568,-56.0,2266.3579391479493,0.001845983383233578,0.001845983383233578,1,2266.3579391479493,10.55620002746582,10.55620002746582,y_min,345,24.894399642944336
1,1,21,40,187.41,5,-30.299999237060547,58.0,2266.3579391479493,0.001845983383233578,0.001845983383233578,1,2266.3579391479493,10.55620002746582,10.55620002746582,y_max,267,22.96269989013672
1,1,22,42,190.19,1,0.8999999761581421,2.0,2364.9505418777467,0.001926288573867931,0.001926288573867931,1,2364.9505418777467,10.403450012207031,10.403450012207031,center,53,25.192100524902344
1,1,22,42,190.19,2,-56.29999923706055,-5.0,2364.9505418777467,0.001926288573867931,0.001926288573867931,1,2364.9505418777467,10.403450012207031,10.403450012207031,x_min,33,26.926599502563477
1,1,22,42,190.19,3,56.29999923706055,8.0,2364.9505418777467,0.001926288573867931,0.001926288573867931,1,2364.9505418777467,10.403450012207031,10.403450012207031,x_max,244,24.61720085144043
1,1,22,42,190.19,4,9.5,-57.0,2364.9505418777467,0.001926288573867931,0.001926288573867931,1,2364.9505418777467,10.403450012207031,10.403450012207031,y_min,391,24.325899124145508
1,1,22,42,190.19,5,-26.799999237060547,58.0,2364.9505418777467,0.001926288573867931,0.001926288573867931,1,2364.9505418777467,10.403450012207031,10.403450012207031,y_max,150,23.79330062866211
1,1,23,44,192.94,1,-0.8999999761581421,-3.0,2463.3677192687987,0.0020064508778669787,0.0020064508778669787,1,2463.3677192687987,10.255399703979492,10.255399703979492,center,131,26.17060089111328
1,1,23,44,192.94,2,-56.29999923706055,1.0,2463.3677192687987,0.0020064508778669787,0.0020064508778669787,1,2463.3677192687987,10.255399703979492,10.255399703979492,x_min,100,24.028900146484375
1,1,23,44,192.94,3,56.29999923706055,2.0,2463.3677192687987,0.0020064508778669787,0.0020064508778669787,1,2463.3677192687987,10.255399703979492,10.255399703979492,x_max,381,25.18819999694824
1,1,23,44,192.94,4,33.79999923706055,-57.0,2463.3677192687987,0.0020064508778669787,0.0020064508778669787,1,2463.3677192687987,10.255399703979492,10.255399703979492,y_min,331,24.078399658203125
1,1,23,44,192.94,5,56.29999923706055,58.0,2463.3677192687987,0.0020064508778669787,0.0020064508778669787,1,2463.3677192687987,10.255399703979492,10.255399703979492,y_max,427,21.034400939941406
1,1,24,46,195.66,1,0.8999999761581421,0.0,2469.532099342346,0.0020114718602048274,0.0020114718602048274,1,2469.532099342346,10.11205005645752,10.11205005645752,center,230,25.798099517822266
1,1,24,46,195.66,2,-56.29999923706055,-5.0,2469.532099342346,0.0020114718602048274,0.0020114718602048274,1,2469.532099342346,10.11205005645752,10.11205005645752,x_min,159,21.457000732421875
1,1,24,46,195.66,3,56.29999923706055,0.0,2469.532099342346,0.0020114718602048274,0.0020114718602048274,1,2469.532099342346,10.11205005645752,10.11205005645752,x_max,370,20.52639961242676
1,1,24,46,195.66,4,37.20000076293945,-57.0,2469.532099342346,0.0020114718602048274,0.0020114718602048274,1,2469.532099342346,10.11205005645752,10.11205005645752,y_min,428,21.94230079650879
1,1,24,46,195.66,5,45.900001525878906,58.0,2469.532099342346,0.0020114718602048274,0.0020114718602048274,1,2469.532099342346,10.11205005645752,10.11205005645752,y_max,306,23.214500427246097
1,1,25,48,198.36,1,-0.8999999761581421,1.0,2576.1458953857423,0.002098310436106723,0.002098310436106723,1,2576.1458953857423,10.11205005645752,10.11205005645752,center,577,20.392900466918945
1,1,25,48,198.36,2,-56.29999923706055,-3.0,2576.1458953857423,0.002098310436106723,0.002098310436106723,1,2576.1458953857423,10.11205005645752,10.11205005645752,x_min,420,22.01129913330078
1,1,25,48,198.36,3,56.29999923706055,-2.0,2576.1458953857423,0.002098310436106723,0.002098310436106723,1,2576.1458953857423,10.11205005645752,10.11205005645752,x_max,119,20.40290069580078
1,1,25,48,198.36,4,-0.8999999761581421,-57.0,2576.1458953857423,0.002098310436106723,0.002098310436106723,1,2576.1458953857423,10.11205005645752,10.11205005645752,y_min,43,21.840599060058594
1,1,25,48,198.36,5,26.799999237060547,57.0,2576.1458953857423,0.002098310436106723,0.002098310436106723,1,2576.1458953857423,10.11205005645752,10.11205005645752,y_max,507,24.80030059814453
1,1,26,50,201.03,1,-0.8999999761581421,-1.0,2722.2840814590454,0.0022173422353152076,0.0022173422353152076,1,2722.2840814590454,9.978099822998049,9.978099822998049,center,457,21.728900909423828
1,1,26,50,201.03,2,-56.29999923706055,-3.0,2722.2840814590454,0.0022173422353152076,0.0022173422353152076,1,2722.2840814590454,9.978099822998049,9.978099822998049,x_min,308,22.55039978027344
1,1,26,50,201.03,3,56.29999923706055,6.0,2722.2840814590454,0.0022173422353152076,0.0022173422353152076,1,2722.2840814590454,9.978099822998049,9.978099822998049,x_max,200,20.68079948425293
1,1,26,50,201.03,4,19.899999618530273,-57.0,2722.2840814590454,0.0022173422353152076,0.0022173422353152076,1,2722.2840814590454,9.978099822998049,9.978099822998049,y_min,390,23.923799514770508
1,1,26,50,201.03,5,42.400001525878906,58.0,2722.2840814590454,0.0022173422353152076,0.0022173422353152076,1,2722.2840814590454,9.978099822998049,9.978099822998049,y_max,217,20.855300903320312
1,1,27,52,203.67,1,-0.8999999761581421,3.0,2775.660438346863,0.002260818098580434,0.002260818098580434,1,2775.660438346863,9.846500396728516,9.846500396728516,center,537,22.05179977416992
1,1,27,52,203.67,2,-56.29999923706055,-3.0,2775.660438346863,0.002260818098580434,0.002260818098580434,1,2775.660438346863,9.846500396728516,9.846500396728516,x_min,65,22.875200271606445
1,1,27,52,203.67,3,56.29999923706055,0.0,2775.660438346863,0.002260818098580434,0.002260818098580434,1,2775.660438346863,9.846500396728516,9.846500396728516,x_max,408,21.32740020751953
1,1,27,52,203.67,4,23.399999618530273,-57.0,2775.660438346863,0.002260818098580434,0.002260818098580434,1,2775.660438346863,9.846500396728516,9.846500396728516,y_min,374,23.22610092163086
1,1,27,52,203.67,5,14.699999809265137,58.0,2775.660438346863,0.002260818098580434,0.002260818098580434,1,2775.660438346863,9.846500396728516,9.846500396728516,y_max,585,20.718900680541992
1,1,28,54,206.28,1,-0.8999999761581421,1.0,2830.5485385894776,0.0023055253000488917,0.0023055253000488917,1,2830.5485385894776,9.721949577331545,9.721949577331545,center,626,22.374500274658203
1,1,28,54,206.28,2,-56.29999923706055,-3.0,2830.5485385894776,0.0023055253000488917,0.0023055253000488917,1,2830.5485385894776,9.721949577331545,9.721949577331545,x_min,274,23.371299743652344
1,1,28,54,206.28,3,56.29999923706055,-2.0,2830.5485385894776,0.0023055253000488917,0.0023055253000488917,1,2830.5485385894776,9.721949577331545,9.721949577331545,x_max,509,22.27050018310547
1,1,28,54,206.28,4,40.70000076293945,-57.0,2830.5485385894776,0.0023055253000488917,0.0023055253000488917,1,2830.5485385894776,9.721949577331545,9.721949577331545,y_min,452,24.2893009185791
1,1,28,54,206.28,5,7.800000190734863,58.0,2830.5485385894776,0.0023055253000488917,0.0023055253000488917,1,2830.5485385894776,9.721949577331545,9.721949577331545,y_max,233,19.87829971313477
1,1,29,56,208.87,1,0.8999999761581421,-2.0,3010.216400337219,0.002451867535561844,0.002451867535561844,1,3010.216400337219,9.602100372314451,9.602100372314451,center,448,23.468799591064453
1,1,29,56,208.87,2,-56.29999923706055,-3.0,3010.216400337219,0.002451867535561844,0.002451867535561844,1,3010.216400337219,9.602100372314451,9.602100372314451,x_min,83,24.680700302124023
1,1,29,56,208.87,3,56.29999923706055,0.0,3010.216400337219,0.002451867535561844,0.002451867535561844,1,3010.216400337219,9.602100372314451,9.602100372314451,x_max,306,23.30610084533691
1,1,29,56,208.87,4,-35.5,-57.0,3010.216400337219,0.002451867535561844,0.002451867535561844,1,3010.216400337219,9.602100372314451,9.602100372314451,y_min,622,24.3966007232666
1,1,29,56,208.87,5,0.8999999761581421,58.0,3010.216400337219,0.002451867535561844,0.002451867535561844,1,3010.216400337219,9.602100372314451,9.602100372314451,y_max,491,22.521699905395508
1,1,30,58,211.44,1,-0.8999999761581421,3.0,3104.604516983032,0.0025287481076432293,0.0025287481076432293,1,3104.604516983032,9.486949920654297,9.486949920654297,center,248,24.815200805664062
1,1,30,58,211.44,2,-56.29999923706055,-3.0,3104.604516983032,0.0025287481076432293,0.0025287481076432293,1,3104.604516983032,9.486949920654297,9.486949920654297,x_min,501,24.641700744628903
1,1,30,58,211.44,3,56.29999923706055,-4.0,3104.604516983032,0.0025287481076432293,0.0025287481076432293,1,3104.604516983032,9.486949920654297,9.486949920654297,x_max,341,23.302200317382812
1,1,30,58,211.44,4,14.699999809265137,-56.0,3104.604516983032,0.0025287481076432293,0.0025287481076432293,1,3104.604516983032,9.486949920654297,9.486949920654297,y_min,116,23.49690055847168
1,1,30,58,211.44,5,14.699999809265137,58.0,3104.604516983032,0.0025287481076432293,0.0025287481076432293,1,3104.604516983032,9.486949920654297,9.486949920654297,y_max,228,22.601299285888672
1,1,31,60,213.98,1,-0.8999999761581421,1.0,3308.802014732361,0.002695070108785225,0.002695070108785225,1,3308.802014732361,9.486949920654297,9.486949920654297,center,233,13.613800048828123
1,1,31,60,213.98,2,-56.29999923706055,-3.0,3308.802014732361,0.002695070108785225,0.002695070108785225,1,3308.802014732361,9.486949920654297,9.486949920654297,x_min,548,25.38409996032715
1,1,31,60,213.98,3,56.29999923706055,-8.0,3308.802014732361,0.002695070108785225,0.002695070108785225,1,3308.802014732361,9.486949920654297,9.486949920654297,x_max,32,23.33320045471191
1,1,31,60,213.98,4,0.8999999761581421,-56.0,3308.802014732361,0.002695070108785225,0.002695070108785225,1,3308.802014732361,9.486949920654297,9.486949920654297,y_min,193,24.538799285888672
1,1,31,60,213.98,5,0.8999999761581421,58.0,3308.802014732361,0.002695070108785225,0.002695070108785225,1,3308.802014732361,9.486949920654297,9.486949920654297,y_max,106,23.7101993560791
1,1,32,62,216.5,1,0.8999999761581421,-2.0,3351.544444847107,0.0027298844752133753,0.0027298844752133753,1,3351.544444847107,9.374150276184082,9.374150276184082,center,385,26.317800521850582
1,1,32,62,216.5,2,-56.29999923706055,-3.0,3351.544444847107,0.0027298844752133753,0.0027298844752133753,1,3351.544444847107,9.374150276184082,9.374150276184082,x_min,162,25.5447998046875
1,1,32,62,216.5,3,56.29999923706055,0.0,3351.544444847107,0.0027298844752133753,0.0027298844752133753,1,3351.544444847107,9.374150276184082,9.374150276184082,x_max,732,23.897899627685547
1,1,32,62,216.5,4,-6.099999904632568,-56.0,3351.544444847107,0.0027298844752133753,0.0027298844752133753,1,3351.544444847107,9.374150276184082,9.374150276184082,y_min,250,22.77039909362793
1,1,32,62,216.5,5,0.8999999761581421,58.0,3351.544444847107,0.0027298844752133753,0.0027298844752133753,1,3351.544444847107,9.374150276184082,9.374150276184082,y_max,26,23.804800033569336
1,1,33,64,219.0,1,-0.8999999761581421,1.0,3459.550301170349,0.0028178569056140097,0.0028178569056140097,1,3459.550301170349,9.266050338745115,9.266050338745115,center,467,14.260600090026855
1,1,33,64,219.0,2,-56.29999923706055,3.0,3459.550301170349,0.0028178569056140097,0.0028178569056140097,1,3459.550301170349,9.266050338745115,9.266050338745115,x_min,7,13.370599746704102
1,1,33,64,219.0,3,56.29999923706055,0.0,3459.550301170349,0.0028178569056140097,0.0028178569056140097,1,3459.550301170349,9.266050338745115,9.266050338745115,x_max,935,24.13479995727539
1,1,33,64,219.0,4,4.300000190734863,-56.0,3459.550301170349,0.0028178569056140097,0.0028178569056140097,1,3459.550301170349,9.266050338745115,9.266050338745115,y_min,508,24.315900802612305
1,1,33,64,219.0,5,-2.5999999046325684,58.0,3459.550301170349,0.0028178569056140097,0.0028178569056140097,1,3459.550301170349,9.266050338745115,9.266050338745115,y_max,459,22.931900024414062
1,1,34,66,221.48,1,0.8999999761581421,0.0,3639.428981590271,0.0029643708561764687,0.0029643708561764687,1,3639.428981590271,9.162650108337402,9.162650108337402,center,521,14.798299789428713
1,1,34,66,221.48,2,-56.29999923706055,3.0,3639.428981590271,0.0029643708561764687,0.0029643708561764687,1,3639.428981590271,9.162650108337402,9.162650108337402,x_min,7,26.690900802612305
1,1,34,66,221.48,3,56.29999923706055,4.0,3639.428981590271,0.0029643708561764687,0.0029643708561764687,1,3639.428981590271,9.162650108337402,9.162650108337402,x_max,998,24.38319969177246
1,1,34,66,221.48,4,-13.0,-56.0,3639.428981590271,0.0029643708561764687,0.0029643708561764687,1,3639.428981590271,9.162650108337402,9.162650108337402,y_min,380,24.530500411987305
1,1,34,66,221.48,5,45.900001525878906,58.0,3639.428981590271,0.0029643708561764687,0.0029643708561764687,1,3639.428981590271,9.162650108337402,9.162650108337402,y_max,926,21.25950050354004
1,1,35,68,223.94,1,0.8999999761581421,0.0,3860.0238372802733,0.0031440487574455186,0.0031440487574455186,1,3860.0238372802733,9.061599731445312,9.061599731445312,center,506,20.767499923706055
1,1,35,68,223.94,2,-56.29999923706055,3.0,3860.0238372802733,0.0031440487574455186,0.0031440487574455186,1,3860.0238372802733,9.061599731445312,9.061599731445312,x_min,8,14.046600341796877
1,1,35,68,223.94,3,56.29999923706055,-2.0,3860.0238372802733,0.0031440487574455186,0.0031440487574455186,1,3860.0238372802733,9.061599731445312,9.061599731445312,x_max,978,25.09670066833496
1,1,35,68,223.94,4,-2.5999999046325684,-56.0,3860.0238372802733,0.0031440487574455186,0.0031440487574455186,1,3860.0238372802733,9.061599731445312,9.061599731445312,y_min,471,13.096099853515623
1,1,35,68,223.94,5,-40.70000076293945,56.0,3860.0238372802733,0.0031440487574455186,0.0031440487574455186,1,3860.0238372802733,9.061599731445312,9.061599731445312,y_max,158,22.521799087524418
1,1,36,70,226.37,1,-0.8999999761581421,3.0,4015.115899658203,0.0032703736265563173,0.0032703736265563173,1,4015.115899658203,9.061599731445312,9.061599731445312,center,505,21.45009994506836
1,1,36,70,226.37,2,-56.29999923706055,1.0,4015.115899658203,0.0032703736265563173,0.0032703736265563173,1,4015.115899658203,9.061599731445312,9.061599731445312,x_min,7,14.68970012664795
1,1,36,70,226.37,3,56.29999923706055,0.0,4015.115899658203,0.0032703736265563173,0.0032703736265563173,1,4015.115899658203,9.061599731445312,9.061599731445312,x_max,1002,25.607900619506836
1,1,36,70,226.37,4,51.099998474121094,-57.0,4015.115899658203,0.0032703736265563173,0.0032703736265563173,1,4015.115899658203,9.061599731445312,9.061599731445312,y_min,957,20.42840003967285
1,1,36,70,226.37,5,-40.70000076293945,56.0,4015.115899658203,0.0032703736265563173,0.0032703736265563173,1,4015.115899658203,9.061599731445312,9.061599731445312,y_max,163,23.725500106811523
1,1,37,72,228.79,1,0.8999999761581421,2.0,4145.644741821289,0.003376691375180069,0.003376691375180069,1,4145.644741821289,8.965250015258789,8.965250015258789,center,543,22.215599060058594
1,1,37,72,228.79,2,-56.29999923706055,5.0,4145.644741821289,0.003376691375180069,0.003376691375180069,1,4145.644741821289,8.965250015258789,8.965250015258789,x_min,7,14.486499786376951
1,1,37,72,228.79,3,56.29999923706055,-4.0,4145.644741821289,0.003376691375180069,0.003376691375180069,1,4145.644741821289,8.965250015258789,8.965250015258789,x_max,1041,13.09689998626709
1,1,37,72,228.79,4,4.300000190734863,-56.0,4145.644741821289,0.003376691375180069,0.003376691375180069,1,4145.644741821289,8.965250015258789,8.965250015258789,y_min,565,13.464300155639648
1,1,37,72,228.79,5,-0.8999999761581421,55.0,4145.644741821289,0.003376691375180069,0.003376691375180069,1,4145.644741821289,8.965250015258789,8.965250015258789,y_max,520,22.451900482177734
1,1,38,74,231.19,1,-0.8999999761581421,-3.0,4423.519260978699,0.0036030244429308086,0.0036030244429308086,1,4423.519260978699,8.87125015258789,8.87125015258789,center,545,23.75079917907715
1,1,38,74,231.19,2,-56.29999923706055,3.0,4423.519260978699,0.0036030244429308086,0.0036030244429308086,1,4423.519260978699,8.87125015258789,8.87125015258789,x_min,7,20.50160026550293
1,1,38,74,231.19,3,56.29999923706055,0.0,4423.519260978699,0.0036030244429308086,0.0036030244429308086,1,4423.519260978699,8.87125015258789,8.87125015258789,x_max,1082,20.521699905395508
1,1,38,74,231.19,4,4.300000190734863,-56.0,4423.519260978699,0.0036030244429308086,0.0036030244429308086,1,4423.519260978699,8.87125015258789,8.87125015258789,y_min,582,13.71269989013672
1,1,38,74,231.19,5,-51.099998474121094,56.0,4423.519260978699,0.0036030244429308086,0.0036030244429308086,1,4423.519260978699,8.87125015258789,8.87125015258789,y_max,85,13.568599700927734
1,1,39,76,233.58,1,-0.8999999761581421,-3.0,4621.110383224487,0.0037639654496622204,0.0037639654496622204,1,4621.110383224487,8.779600143432617,8.779600143432617,center,549,24.79179954528809
1,1,39,76,233.58,2,-56.29999923706055,3.0,4621.110383224487,0.0037639654496622204,0.0037639654496622204,1,4621.110383224487,8.779600143432617,8.779600143432617,x_min,7,20.571699142456055
1,1,39,76,233.58,3,56.29999923706055,-4.0,4621.110383224487,0.0037639654496622204,0.0037639654496622204,1,4621.110383224487,8.779600143432617,8.779600143432617,x_max,1104,20.767499923706055
1,1,39,76,233.58,4,-4.300000190734863,-57.0,4621.110383224487,0.0037639654496622204,0.0037639654496622204,1,4621.110383224487,8.779600143432617,8.779600143432617,y_min,525,20.58169937133789
1,1,39,76,233.58,5,-47.599998474121094,56.0,4621.110383224487,0.0037639654496622204,0.0037639654496622204,1,4621.110383224487,8.779600143432617,8.779600143432617,y_max,110,23.5935001373291
1,1,40,78,235.94,1,-0.8999999761581421,-3.0,4855.728021049499,0.003955065122559129,0.003955065122559129,1,4855.728021049499,8.692649841308594,8.692649841308594,center,592,25.80870056152344
1,1,40,78,235.94,2,-56.29999923706055,3.0,4855.728021049499,0.003955065122559129,0.003955065122559129,1,4855.728021049499,8.692649841308594,8.692649841308594,x_min,7,20.853099822998047
1,1,40,78,235.94,3,56.29999923706055,-2.0,4855.728021049499,0.003955065122559129,0.003955065122559129,1,4855.728021049499,8.692649841308594,8.692649841308594,x_max,1179,21.130599975585938
1,1,40,78,235.94,4,-4.300000190734863,-57.0,4855.728021049499,0.003955065122559129,0.003955065122559129,1,4855.728021049499,8.692649841308594,8.692649841308594,y_min,567,20.749500274658203
1,1,40,78,235.94,5,0.8999999761581421,56.0,4855.728021049499,0.003955065122559129,0.003955065122559129,1,4855.728021049499,8.692649841308594,8.692649841308594,y_max,616,13.466699600219728
1,1,41,80,238.29,1,-0.8999999761581421,-1.0,5082.837421035767,0.004140049220308673,0.004140049220308673,1,5082.837421035767,8.60569953918457,8.60569953918457,center,693,13.31820011138916
1,1,41,80,238.29,2,-56.29999923706055,3.0,5082.837421035767,0.004140049220308673,0.004140049220308673,1,5082.837421035767,8.60569953918457,8.60569953918457,x_min,7,21.724000930786133
1,1,41,80,238.29,3,56.29999923706055,-2.0,5082.837421035767,0.004140049220308673,0.004140049220308673,1,5082.837421035767,8.60569953918457,8.60569953918457,x_max,1399,21.86549949645996
1,1,41,80,238.29,4,-0.8999999761581421,-57.0,5082.837421035767,0.004140049220308673,0.004140049220308673,1,5082.837421035767,8.60569953918457,8.60569953918457,y_min,703,20.548999786376953
1,1,41,80,238.29,5,-2.5999999046325684,56.0,5082.837421035767,0.004140049220308673,0.004140049220308673,1,5082.837421035767,8.60569953918457,8.60569953918457,y_max,682,13.578900337219238
1,1,42,82,240.63,1,-0.8999999761581421,1.0,5423.09026222229,0.004417190390323712,0.004417190390323712,1,5423.09026222229,8.60569953918457,8.60569953918457,center,789,14.501999855041504
1,1,42,82,240.63,2,-56.29999923706055,3.0,5423.09026222229,0.004417190390323712,0.004417190390323712,1,5423.09026222229,8.60569953918457,8.60569953918457,x_min,7,22.800500869750977
1,1,42,82,240.63,3,56.29999923706055,-2.0,5423.09026222229,0.004417190390323712,0.004417190390323712,1,5423.09026222229,8.60569953918457,8.60569953918457,x_max,1601,23.413799285888672
1,1,42,82,240.63,4,2.5999999046325684,-57.0,5423.09026222229,0.004417190390323712,0.004417190390323712,1,5423.09026222229,8.60569953918457,8.60569953918457,y_min,853,21.802799224853516
1,1,42,82,240.63,5,-32.0,57.0,5423.09026222229,0.004417190390323712,0.004417190390323712,1,5423.09026222229,8.60569953918457,8.60569953918457,y_max,317,21.06049919128418
1,1,43,84,242.95,1,0.8999999761581421,0.0,5627.174815368652,0.004583420396350241,0.004583420396350241,1,5627.174815368652,8.523449897766113,8.523449897766113,center,852,14.515299797058104
1,1,43,84,242.95,2,-56.29999923706055,3.0,5627.174815368652,0.004583420396350241,0.004583420396350241,1,5627.174815368652,8.523449897766113,8.523449897766113,x_min,7,24.198299407958984
1,1,43,84,242.95,3,56.29999923706055,-2.0,5627.174815368652,0.004583420396350241,0.004583420396350241,1,5627.174815368652,8.523449897766113,8.523449897766113,x_max,1655,23.978599548339844
1,1,43,84,242.95,4,-0.8999999761581421,-57.0,5627.174815368652,0.004583420396350241,0.004583420396350241,1,5627.174815368652,8.523449897766113,8.523449897766113,y_min,838,22.20400047302246
1,1,43,84,242.95,5,6.099999904632568,57.0,5627.174815368652,0.004583420396350241,0.004583420396350241,1,5627.174815368652,8.523449897766113,8.523449897766113,y_max,917,21.153799057006836
1,1,44,86,245.25,1,0.8999999761581421,0.0,6424.103900146484,0.005232531387471306,0.005232531387471306,1,6424.103900146484,8.441200256347656,8.441200256347656,center,885,16.54199981689453
1,1,44,86,245.25,2,-56.29999923706055,-1.0,6424.103900146484,0.005232531387471306,0.005232531387471306,1,6424.103900146484,8.441200256347656,8.441200256347656,x_min,8,13.84570026397705
1,1,44,86,245.25,3,56.29999923706055,-2.0,6424.103900146484,0.005232531387471306,0.005232531387471306,1,6424.103900146484,8.441200256347656,8.441200256347656,x_max,1740,24.36549949645996
1,1,44,86,245.25,4,-0.8999999761581421,-57.0,6424.103900146484,0.005232531387471306,0.005232531387471306,1,6424.103900146484,8.441200256347656,8.441200256347656,y_min,871,24.21579933166504
1,1,44,86,245.25,5,2.5999999046325684,57.0,6424.103900146484,0.005232531387471306,0.005232531387471306,1,6424.103900146484,8.441200256347656,8.441200256347656,y_max,899,20.95210075378418
1,1,45,88,247.54,1,0.8999999761581421,0.0,7487.297398757934,0.006098518837069217,0.006098518837069217,1,7487.297398757934,8.361300468444824,8.361300468444824,center,903,20.838699340820312
1,1,45,88,247.54,2,-56.29999923706055,-1.0,7487.297398757934,0.006098518837069217,0.006098518837069217,1,7487.297398757934,8.361300468444824,8.361300468444824,x_min,11,14.93929958343506
1,1,45,88,247.54,3,56.29999923706055,4.0,7487.297398757934,0.006098518837069217,0.006098518837069217,1,7487.297398757934,8.361300468444824,8.361300468444824,x_max,1755,24.46649932861328
1,1,45,88,247.54,4,2.5999999046325684,-57.0,7487.297398757934,0.006098518837069217,0.006098518837069217,1,7487.297398757934,8.361300468444824,8.361300468444824,y_min,943,24.595699310302734
1,1,45,88,247.54,5,-0.8999999761581421,57.0,7487.297398757934,0.006098518837069217,0.006098518837069217,1,7487.297398757934,8.361300468444824,8.361300468444824,y_max,863,23.475000381469727
1,1,46,90,249.82,1,-0.8999999761581421,1.0,7163.072213745118,0.005834432439408436,0.005834432439408436,1,7163.072213745118,8.286100387573242,8.286100387573242,center,901,19.5310001373291
1,1,46,90,249.82,2,-56.29999923706055,-1.0,7163.072213745118,0.005834432439408436,0.005834432439408436,1,7163.072213745118,8.286100387573242,8.286100387573242,x_min,14,17.01059913635254
1,1,46,90,249.82,3,56.29999923706055,-4.0,7163.072213745118,0.005834432439408436,0.005834432439408436,1,7163.072213745118,8.286100387573242,8.286100387573242,x_max,1798,25.84779930114746
1,1,46,90,249.82,4,-0.8999999761581421,-57.0,7163.072213745118,0.005834432439408436,0.005834432439408436,1,7163.072213745118,8.286100387573242,8.286100387573242,y_min,916,13.181699752807615
1,1,46,90,249.82,5,-0.8999999761581421,57.0,7163.072213745118,0.005834432439408436,0.005834432439408436,1,7163.072213745118,8.286100387573242,8.286100387573242,y_max,887,24.915000915527344
1,1,47,92,252.09,1,-0.8999999761581421,-1.0,6544.865521430969,0.0053308935845333095,0.0053308935845333095,1,6544.865521430969,8.21090030670166,8.21090030670166,center,904,15.254799842834473
1,1,47,92,252.09,2,-56.29999923706055,-1.0,6544.865521430969,0.0053308935845333095,0.0053308935845333095,1,6544.865521430969,8.21090030670166,8.21090030670166,x_min,14,17.418699264526367
1,1,47,92,252.09,3,56.29999923706055,-2.0,6544.865521430969,0.0053308935845333095,0.0053308935845333095,1,6544.865521430969,8.21090030670166,8.21090030670166,x_max,1805,14.029199600219728
1,1,47,92,252.09,4,9.5,-57.0,6544.865521430969,0.0053308935845333095,0.0053308935845333095,1,6544.865521430969,8.21090030670166,8.21090030670166,y_min,1090,13.15019989013672
1,1,47,92,252.09,5,-0.8999999761581421,57.0,6544.865521430969,0.0053308935845333095,0.0053308935845333095,1,6544.865521430969,8.21090030670166,8.21090030670166,y_max,891,13.253399848937988
1,1,48,94,254.34,1,0.8999999761581421,0.0,12043.659844398499,0.009809746096168519,0.009809746096168519,1,12043.659844398499,8.138050079345703,8.138050079345703,center,1822,16.131799697875977
1,1,48,94,254.34,2,-56.29999923706055,1.0,12043.659844398499,0.009809746096168519,0.009809746096168519,1,12043.659844398499,8.138050079345703,8.138050079345703,x_min,13,17.96500015258789
1,1,48,94,254.34,3,56.29999923706055,2.0,12043.659844398499,0.009809746096168519,0.009809746096168519,1,12043.659844398499,8.138050079345703,8.138050079345703,x_max,3544,20.100500106811523
1,1,48,94,254.34,4,0.8999999761581421,-56.0,12043.659844398499,0.009809746096168519,0.009809746096168519,1,12043.659844398499,8.138050079345703,8.138050079345703,y_min,1794,24.60449981689453
1,1,48,94,254.34,5,-52.79999923706055,57.0,12043.659844398499,0.009809746096168519,0.009809746096168519,1,12043.659844398499,8.138050079345703,8.138050079345703,y_max,81,19.99370002746582
1,1,49,96,256.58,1,0.8999999761581421,0.0,17335.965239334106,0.014120410201469315,0.014120410201469315,1,17335.965239334106,8.138050079345703,8.138050079345703,center,1843,23.74930000305176
1,1,49,96,256.58,2,-56.29999923706055,-1.0,17335.965239334106,0.014120410201469315,0.014120410201469315,1,17335.965239334106,8.138050079345703,8.138050079345703,x_min,13,16.9512996673584
1,1,49,96,256.58,3,56.29999923706055,-2.0,17335.965239334106,0.014120410201469315,0.014120410201469315,1,17335.965239334106,8.138050079345703,8.138050079345703,x_max,3610,21.44379997253418
1,1,49,96,256.58,4,0.8999999761581421,-56.0,17335.965239334106,0.014120410201469315,0.014120410201469315,1,17335.965239334106,8.138050079345703,8.138050079345703,y_min,1815,12.778800010681152
1,1,49,96,256.58,5,-0.8999999761581421,55.0,17335.965239334106,0.014120410201469315,0.014120410201469315,1,17335.965239334106,8.138050079345703,8.138050079345703,y_max,1759,29.009599685668945
1,1,50,98,258.81,1,0.8999999761581421,0.0,20629.237467765808,0.01680283106056587,0.01680283106056587,1,20629.237467765808,8.067549705505371,8.067549705505371,center,1842,29.26609992980957
1,1,50,98,258.81,2,-56.29999923706055,-1.0,20629.237467765808,0.01680283106056587,0.01680283106056587,1,20629.237467765808,8.067549705505371,8.067549705505371,x_min,13,16.36199951171875
1,1,50,98,258.81,3,56.29999923706055,2.0,20629.237467765808,0.01680283106056587,0.01680283106056587,1,20629.237467765808,8.067549705505371,8.067549705505371,x_max,3610,22.351600646972656
1,1,50,98,258.81,4,0.8999999761581421,-56.0,20629.237467765808,0.01680283106056587,0.01680283106056587,1,20629.237467765808,8.067549705505371,8.067549705505371,y_min,1814,12.009499549865724
1,1,50,98,258.81,5,-0.8999999761581421,55.0,20629.237467765808,0.01680283106056587,0.01680283106056587,1,20629.237467765808,8.067549705505371,8.067549705505371,y_max,1758,28.896699905395508
1,1,51,100,261.03,1,0.8999999761581421,0.0,16896.20918445587,0.013762222134192188,0.013762222134192188,1,16896.20918445587,7.9994001388549805,7.9994001388549805,center,1840,23.680400848388672
1,1,51,100,261.03,2,-56.29999923706055,1.0,16896.20918445587,0.013762222134192188,0.013762222134192188,1,16896.20918445587,7.9994001388549805,7.9994001388549805,x_min,13,15.298800468444824
1,1,51,100,261.03,3,56.29999923706055,-2.0,16896.20918445587,0.013762222134192188,0.013762222134192188,1,16896.20918445587,7.9994001388549805,7.9994001388549805,x_max,3601,18.8705997467041
1,1,51,100,261.03,4,0.8999999761581421,-56.0,16896.20918445587,0.013762222134192188,0.013762222134192188,1,16896.20918445587,7.9994001388549805,7.9994001388549805,y_min,1812,22.102500915527344
1,1,51,100,261.03,5,-52.79999923706055,57.0,16896.20918445587,0.013762222134192188,0.013762222134192188,1,16896.20918445587,7.9994001388549805,7.9994001388549805,y_max,81,20.61860084533691
1,1,52,102,263.23,1,0.8999999761581421,0.0,14930.214503669738,0.012160889242521414,0.012160889242521414,1,14930.214503669738,7.931250095367432,7.931250095367432,center,1839,20.8710994720459
1,1,52,102,263.23,2,-56.29999923706055,1.0,14930.214503669738,0.012160889242521414,0.012160889242521414,1,14930.214503669738,7.931250095367432,7.931250095367432,x_min,13,14.689200401306152
1,1,52,102,263.23,3,56.29999923706055,-2.0,14930.214503669738,0.012160889242521414,0.012160889242521414,1,14930.214503669738,7.931250095367432,7.931250095367432,x_max,3594,18.11359977722168
1,1,52,102,263.23,4,0.8999999761581421,-56.0,14930.214503669738,0.012160889242521414,0.012160889242521414,1,14930.214503669738,7.931250095367432,7.931250095367432,y_min,1811,21.086999893188477
1,1,52,102,263.23,5,-52.79999923706055,57.0,14930.214503669738,0.012160889242521414,0.012160889242521414,1,14930.214503669738,7.931250095367432,7.931250095367432,y_max,81,19.43779945373535
1,1,53,104,265.43,1,0.8999999761581421,0.0,13821.212769126892,0.011257590280525602,0.011257590280525602,1,13821.212769126892,7.865449905395508,7.865449905395508,center,1834,19.28499984741211
1,1,53,104,265.43,2,-56.29999923706055,1.0,13821.212769126892,0.011257590280525602,0.011257590280525602,1,13821.212769126892,7.865449905395508,7.865449905395508,x_min,12,14.137399673461914
1,1,53,104,265.43,3,56.29999923706055,-2.0,13821.212769126892,0.011257590280525602,0.011257590280525602,1,13821.212769126892,7.865449905395508,7.865449905395508,x_max,3586,17.169599533081055
1,1,53,104,265.43,4,0.8999999761581421,-56.0,13821.212769126892,0.011257590280525602,0.011257590280525602,1,13821.212769126892,7.865449905395508,7.865449905395508,y_min,1806,20.116300582885746
1,1,53,104,265.43,5,-52.79999923706055,57.0,13821.212769126892,0.011257590280525602,0.011257590280525602,1,13821.212769126892,7.865449905395508,7.865449905395508,y_max,80,18.477800369262695
