BeamNumber,LayerIndex,ControlPointIndex,SpotIndex,Energy_MeVu,Energy_Total_MeV,IEC_X_mm,IEC_Y_mm,TOPAS_LocalX_mm,TOPAS_LocalY_mm,FWHM_IEC_X_mm,FWHM_IEC_Y_mm,Sigma_TOPAS_LocalX_mm,Sigma_TOPAS_LocalY_mm,MetersetWeight_MU,SelectedRelativeWeight,AllocatedHistories
1,1,0,1,120.26,1443.12,0.8999999762,0,0,0.8999999762,14.3114996,14.3114996,6.077534301,6.077534301,2196.77626,0.001789308036,27
1,1,0,2,120.26,1443.12,-56.29999924,25,25,-56.29999924,14.3114996,14.3114996,6.077534301,6.077534301,2196.77626,0.001789308036,27
1,1,0,3,120.26,1443.12,56.29999924,-2,-2,56.29999924,14.3114996,14.3114996,6.077534301,6.077534301,2196.77626,0.001789308036,27
1,1,0,4,120.26,1443.12,-0.8999999762,-57,-57,-0.8999999762,14.3114996,14.3114996,6.077534301,6.077534301,2196.77626,0.001789308036,27
1,1,0,5,120.26,1443.12,25.10000038,58,58,25.10000038,14.3114996,14.3114996,6.077534301,6.077534301,2196.77626,0.001789308036,27
1,2,2,1,123.91,1486.92,2.599999905,1,1,2.599999905,14.3114996,14.3114996,6.077534301,6.077534301,2167.4813,0.001765446841,27
1,2,2,2,123.91,1486.92,-56.29999924,7,7,-56.29999924,14.3114996,14.3114996,6.077534301,6.077534301,2167.4813,0.001765446841,27
1,2,2,3,123.91,1486.92,56.29999924,10,10,56.29999924,14.3114996,14.3114996,6.077534301,6.077534301,2167.4813,0.001765446841,27
1,2,2,4,123.91,1486.92,-4.300000191,-57,-57,-4.300000191,14.3114996,14.3114996,6.077534301,6.077534301,2167.4813,0.001765446841,27
1,2,2,5,123.91,1486.92,-54.59999847,58,58,-54.59999847,14.3114996,14.3114996,6.077534301,6.077534301,2167.4813,0.001765446841,27
1,3,4,1,127.51,1530.12,2.599999905,3,3,2.599999905,14.3114996,14.3114996,6.077534301,6.077534301,2616.939458,0.00213153742,32
1,3,4,2,127.51,1530.12,-56.29999924,-9,-9,-56.29999924,14.3114996,14.3114996,6.077534301,6.077534301,2616.939458,0.00213153742,32
1,3,4,3,127.51,1530.12,56.29999924,24,24,56.29999924,14.3114996,14.3114996,6.077534301,6.077534301,2616.939458,0.00213153742,32
1,3,4,4,127.51,1530.12,2.599999905,-57,-57,2.599999905,14.3114996,14.3114996,6.077534301,6.077534301,2616.939458,0.00213153742,32
1,3,4,5,127.51,1530.12,-2.599999905,58,58,-2.599999905,14.3114996,14.3114996,6.077534301,6.077534301,2616.939458,0.00213153742,32
1,4,6,1,134.55,1614.6,2.599999905,3,3,2.599999905,13.92844963,13.92844963,5.914867958,5.914867958,2652.685342,0.002160652992,32
1,4,6,2,134.55,1614.6,-56.29999924,-3,-3,-56.29999924,13.92844963,13.92844963,5.914867958,5.914867958,2652.685342,0.002160652992,32
1,4,6,3,134.55,1614.6,56.29999924,-8,-8,56.29999924,13.92844963,13.92844963,5.914867958,5.914867958,2652.685342,0.002160652992,32
1,4,6,4,134.55,1614.6,-25.10000038,-57,-57,-25.10000038,13.92844963,13.92844963,5.914867958,5.914867958,2652.685342,0.002160652992,32
1,4,6,5,134.55,1614.6,0.8999999762,58,58,0.8999999762,13.92844963,13.92844963,5.914867958,5.914867958,2652.685342,0.002160652992,32
1,5,8,1,138,1656,-2.599999905,-2,-2,-2.599999905,13.57124996,13.57124996,5.763179225,5.763179225,1616.737662,0.00131685768,20
1,5,8,2,138,1656,-56.29999924,-5,-5,-56.29999924,13.57124996,13.57124996,5.763179225,5.763179225,1616.737662,0.00131685768,20
1,5,8,3,138,1656,56.29999924,16,16,56.29999924,13.57124996,13.57124996,5.763179225,5.763179225,1616.737662,0.00131685768,20
1,5,8,4,138,1656,-25.10000038,-57,-57,-25.10000038,13.57124996,13.57124996,5.763179225,5.763179225,1616.737662,0.00131685768,20
1,5,8,5,138,1656,11.30000019,58,58,11.30000019,13.57124996,13.57124996,5.763179225,5.763179225,1616.737662,0.00131685768,20
1,6,10,1,141.4,1696.8,-0.8999999762,-1,-1,-0.8999999762,13.57124996,13.57124996,5.763179225,5.763179225,1422.7466,0.001158848979,17
1,6,10,2,141.4,1696.8,-56.29999924,-15,-15,-56.29999924,13.57124996,13.57124996,5.763179225,5.763179225,1422.7466,0.001158848979,17
1,6,10,3,141.4,1696.8,56.29999924,-10,-10,56.29999924,13.57124996,13.57124996,5.763179225,5.763179225,1422.7466,0.001158848979,17
1,6,10,4,141.4,1696.8,23.39999962,-57,-57,23.39999962,13.57124996,13.57124996,5.763179225,5.763179225,1422.7466,0.001158848979,17
1,6,10,5,141.4,1696.8,-6.099999905,56,56,-6.099999905,13.57124996,13.57124996,5.763179225,5.763179225,1422.7466,0.001158848979,17
1,7,12,1,144.75,1737,0.8999999762,-2,-2,0.8999999762,13.24225044,13.24225044,5.623465993,5.623465993,1686.003358,0.001373275655,21
1,7,12,2,144.75,1737,-56.29999924,-5,-5,-56.29999924,13.24225044,13.24225044,5.623465993,5.623465993,1686.003358,0.001373275655,21
1,7,12,3,144.75,1737,56.29999924,4,4,56.29999924,13.24225044,13.24225044,5.623465993,5.623465993,1686.003358,0.001373275655,21
1,7,12,4,144.75,1737,-28.60000038,-57,-57,-28.60000038,13.24225044,13.24225044,5.623465993,5.623465993,1686.003358,0.001373275655,21
1,7,12,5,144.75,1737,-9.5,58,58,-9.5,13.24225044,13.24225044,5.623465993,5.623465993,1686.003358,0.001373275655,21
1,8,14,1,148.06,1776.72,0.8999999762,-2,-2,0.8999999762,12.9343996,12.9343996,5.492733779,5.492733779,1829.905759,0.001490486373,22
1,8,14,2,148.06,1776.72,-56.29999924,-5,-5,-56.29999924,12.9343996,12.9343996,5.492733779,5.492733779,1829.905759,0.001490486373,22
1,8,14,3,148.06,1776.72,56.29999924,-6,-6,56.29999924,12.9343996,12.9343996,5.492733779,5.492733779,1829.905759,0.001490486373,22
1,8,14,4,148.06,1776.72,2.599999905,-57,-57,2.599999905,12.9343996,12.9343996,5.492733779,5.492733779,1829.905759,0.001490486373,22
1,8,14,5,148.06,1776.72,-16.39999962,58,58,-16.39999962,12.9343996,12.9343996,5.492733779,5.492733779,1829.905759,0.001490486373,22
1,9,16,1,151.32,1815.84,-0.8999999762,-3,-3,-0.8999999762,12.64535046,12.64535046,5.369985907,5.369985907,1764.264618,0.001437020654,22
1,9,16,2,151.32,1815.84,-56.29999924,9,9,-56.29999924,12.64535046,12.64535046,5.369985907,5.369985907,1764.264618,0.001437020654,22
1,9,16,3,151.32,1815.84,56.29999924,14,14,56.29999924,12.64535046,12.64535046,5.369985907,5.369985907,1764.264618,0.001437020654,22
1,9,16,4,151.32,1815.84,2.599999905,-57,-57,2.599999905,12.64535046,12.64535046,5.369985907,5.369985907,1764.264618,0.001437020654,22
1,9,16,5,151.32,1815.84,-16.39999962,58,58,-16.39999962,12.64535046,12.64535046,5.369985907,5.369985907,1764.264618,0.001437020654,22
1,10,18,1,154.54,1854.48,-0.8999999762,1,1,-0.8999999762,12.37744999,12.37744999,5.256219054,5.256219054,1772.185821,0.001443472596,22
1,10,18,2,154.54,1854.48,-56.29999924,-5,-5,-56.29999924,12.37744999,12.37744999,5.256219054,5.256219054,1772.185821,0.001443472596,22
1,10,18,3,154.54,1854.48,56.29999924,8,8,56.29999924,12.37744999,12.37744999,5.256219054,5.256219054,1772.185821,0.001443472596,22
1,10,18,4,154.54,1854.48,37.20000076,-57,-57,37.20000076,12.37744999,12.37744999,5.256219054,5.256219054,1772.185821,0.001443472596,22
1,10,18,5,154.54,1854.48,7.800000191,58,58,7.800000191,12.37744999,12.37744999,5.256219054,5.256219054,1772.185821,0.001443472596,22
1,11,20,1,157.72,1892.64,-0.8999999762,3,3,-0.8999999762,12.1260004,12.1260004,5.149438247,5.149438247,1927.256539,0.001569780079,24
1,11,20,2,157.72,1892.64,-56.29999924,-3,-3,-56.29999924,12.1260004,12.1260004,5.149438247,5.149438247,1927.256539,0.001569780079,24
1,11,20,3,157.72,1892.64,56.29999924,12,12,56.29999924,12.1260004,12.1260004,5.149438247,5.149438247,1927.256539,0.001569780079,24
1,11,20,4,157.72,1892.64,6.099999905,-57,-57,6.099999905,12.1260004,12.1260004,5.149438247,5.149438247,1927.256539,0.001569780079,24
1,11,20,5,157.72,1892.64,21.60000038,58,58,21.60000038,12.1260004,12.1260004,5.149438247,5.149438247,1927.256539,0.001569780079,24
1,12,22,1,160.86,1930.32,0.8999999762,0,0,0.8999999762,12.1260004,12.1260004,5.149438247,5.149438247,1881.774137,0.001532733964,23
1,12,22,2,160.86,1930.32,-56.29999924,-3,-3,-56.29999924,12.1260004,12.1260004,5.149438247,5.149438247,1881.774137,0.001532733964,23
1,12,22,3,160.86,1930.32,56.29999924,4,4,56.29999924,12.1260004,12.1260004,5.149438247,5.149438247,1881.774137,0.001532733964,23
1,12,22,4,160.86,1930.32,-4.300000191,-57,-57,-4.300000191,12.1260004,12.1260004,5.149438247,5.149438247,1881.774137,0.001532733964,23
1,12,22,5,160.86,1930.32,2.599999905,57,57,2.599999905,12.1260004,12.1260004,5.149438247,5.149438247,1881.774137,0.001532733964,23
1,13,24,1,163.95,1967.4,0.8999999762,-2,-2,0.8999999762,11.88864994,11.88864994,5.048644785,5.048644785,1803.583701,0.001469046652,22
1,13,24,2,163.95,1967.4,-56.29999924,5,5,-56.29999924,11.88864994,11.88864994,5.048644785,5.048644785,1803.583701,0.001469046652,22
1,13,24,3,163.95,1967.4,56.29999924,-4,-4,56.29999924,11.88864994,11.88864994,5.048644785,5.048644785,1803.583701,0.001469046652,22
1,13,24,4,163.95,1967.4,23.39999962,-57,-57,23.39999962,11.88864994,11.88864994,5.048644785,5.048644785,1803.583701,0.001469046652,22
1,13,24,5,163.95,1967.4,0.8999999762,58,58,0.8999999762,11.88864994,11.88864994,5.048644785,5.048644785,1803.583701,0.001469046652,22
1,14,26,1,167.01,2004.12,-0.8999999762,-1,-1,-0.8999999762,11.66775036,11.66775036,4.95483737,4.95483737,1931.850518,0.001573521946,24
1,14,26,2,167.01,2004.12,-56.29999924,-3,-3,-56.29999924,11.66775036,11.66775036,4.95483737,4.95483737,1931.850518,0.001573521946,24
1,14,26,3,167.01,2004.12,56.29999924,-16,-16,56.29999924,11.66775036,11.66775036,4.95483737,4.95483737,1931.850518,0.001573521946,24
1,14,26,4,167.01,2004.12,2.599999905,-57,-57,2.599999905,11.66775036,11.66775036,4.95483737,4.95483737,1931.850518,0.001573521946,24
1,14,26,5,167.01,2004.12,2.599999905,57,57,2.599999905,11.66775036,11.66775036,4.95483737,4.95483737,1931.850518,0.001573521946,24
1,15,28,1,170.03,2040.36,-2.599999905,0,0,-2.599999905,11.45625019,11.45625019,4.865021518,4.865021518,1988.6828,0.001619812713,24
1,15,28,2,170.03,2040.36,-56.29999924,5,5,-56.29999924,11.45625019,11.45625019,4.865021518,4.865021518,1988.6828,0.001619812713,24
1,15,28,3,170.03,2040.36,56.29999924,0,0,56.29999924,11.45625019,11.45625019,4.865021518,4.865021518,1988.6828,0.001619812713,24
1,15,28,4,170.03,2040.36,-4.300000191,-57,-57,-4.300000191,11.45625019,11.45625019,4.865021518,4.865021518,1988.6828,0.001619812713,24
1,15,28,5,170.03,2040.36,-30.29999924,58,58,-30.29999924,11.45625019,11.45625019,4.865021518,4.865021518,1988.6828,0.001619812713,24
1,16,30,1,173.01,2076.12,2.599999905,1,1,2.599999905,11.25650024,11.25650024,4.780195526,4.780195526,2072.259516,0.001687887234,25
1,16,30,2,173.01,2076.12,-56.29999924,7,7,-56.29999924,11.25650024,11.25650024,4.780195526,4.780195526,2072.259516,0.001687887234,25
1,16,30,3,173.01,2076.12,56.29999924,0,0,56.29999924,11.25650024,11.25650024,4.780195526,4.780195526,2072.259516,0.001687887234,25
1,16,30,4,173.01,2076.12,54.59999847,-57,-57,54.59999847,11.25650024,11.25650024,4.780195526,4.780195526,2072.259516,0.001687887234,25
1,16,30,5,173.01,2076.12,52.79999924,58,58,52.79999924,11.25650024,11.25650024,4.780195526,4.780195526,2072.259516,0.001687887234,25
1,17,32,1,175.96,2111.52,-4.300000191,-1,-1,-4.300000191,11.06849957,11.06849957,4.700358989,4.700358989,2049.109695,0.001669031349,25
1,17,32,2,175.96,2111.52,-56.29999924,-3,-3,-56.29999924,11.06849957,11.06849957,4.700358989,4.700358989,2049.109695,0.001669031349,25
1,17,32,3,175.96,2111.52,56.29999924,6,6,56.29999924,11.06849957,11.06849957,4.700358989,4.700358989,2049.109695,0.001669031349,25
1,17,32,4,175.96,2111.52,-21.60000038,-57,-57,-21.60000038,11.06849957,11.06849957,4.700358989,4.700358989,2049.109695,0.001669031349,25
1,17,32,5,175.96,2111.52,4.300000191,58,58,4.300000191,11.06849957,11.06849957,4.700358989,4.700358989,2049.109695,0.001669031349,25
1,18,34,1,178.87,2146.44,-0.8999999762,-1,-1,-0.8999999762,10.88990021,10.88990021,4.624514825,4.624514825,2142.018582,0.001744707065,26
1,18,34,2,178.87,2146.44,-56.29999924,-7,-7,-56.29999924,10.88990021,10.88990021,4.624514825,4.624514825,2142.018582,0.001744707065,26
1,18,34,3,178.87,2146.44,56.29999924,-2,-2,56.29999924,10.88990021,10.88990021,4.624514825,4.624514825,2142.018582,0.001744707065,26
1,18,34,4,178.87,2146.44,13,-57,-57,13,10.88990021,10.88990021,4.624514825,4.624514825,2142.018582,0.001744707065,26
1,18,34,5,178.87,2146.44,-54.59999847,58,58,-54.59999847,10.88990021,10.88990021,4.624514825,4.624514825,2142.018582,0.001744707065,26
1,19,36,1,181.75,2181,0.8999999762,-2,-2,0.8999999762,10.88990021,10.88990021,4.624514825,4.624514825,2179.955058,0.001775606908,27
1,19,36,2,181.75,2181,-56.29999924,1,1,-56.29999924,10.88990021,10.88990021,4.624514825,4.624514825,2179.955058,0.001775606908,27
1,19,36,3,181.75,2181,56.29999924,4,4,56.29999924,10.88990021,10.88990021,4.624514825,4.624514825,2179.955058,0.001775606908,27
1,19,36,4,181.75,2181,-25.10000038,-57,-57,-25.10000038,10.88990021,10.88990021,4.624514825,4.624514825,2179.955058,0.001775606908,27
1,19,36,5,181.75,2181,0.8999999762,58,58,0.8999999762,10.88990021,10.88990021,4.624514825,4.624514825,2179.955058,0.001775606908,27
1,20,38,1,184.59,2215.08,2.599999905,-1,-1,2.599999905,10.71835041,10.71835041,4.551664333,4.551664333,2169.488904,0.001767082065,27
1,20,38,2,184.59,2215.08,-56.29999924,1,1,-56.29999924,10.71835041,10.71835041,4.551664333,4.551664333,2169.488904,0.001767082065,27
1,20,38,3,184.59,2215.08,56.29999924,-14,-14,56.29999924,10.71835041,10.71835041,4.551664333,4.551664333,2169.488904,0.001767082065,27
1,20,38,4,184.59,2215.08,2.599999905,-57,-57,2.599999905,10.71835041,10.71835041,4.551664333,4.551664333,2169.488904,0.001767082065,27
1,20,38,5,184.59,2215.08,4.300000191,58,58,4.300000191,10.71835041,10.71835041,4.551664333,4.551664333,2169.488904,0.001767082065,27
1,21,40,1,187.41,2248.92,2.599999905,1,1,2.599999905,10.55620003,10.55620003,4.482805406,4.482805406,2266.357939,0.001845983383,28
1,21,40,2,187.41,2248.92,-56.29999924,-7,-7,-56.29999924,10.55620003,10.55620003,4.482805406,4.482805406,2266.357939,0.001845983383,28
1,21,40,3,187.41,2248.92,56.29999924,2,2,56.29999924,10.55620003,10.55620003,4.482805406,4.482805406,2266.357939,0.001845983383,28
1,21,40,4,187.41,2248.92,-6.099999905,-56,-56,-6.099999905,10.55620003,10.55620003,4.482805406,4.482805406,2266.357939,0.001845983383,28
1,21,40,5,187.41,2248.92,-30.29999924,58,58,-30.29999924,10.55620003,10.55620003,4.482805406,4.482805406,2266.357939,0.001845983383,28
1,22,42,1,190.19,2282.28,0.8999999762,2,2,0.8999999762,10.40345001,10.40345001,4.417938447,4.417938447,2364.950542,0.001926288574,29
1,22,42,2,190.19,2282.28,-56.29999924,-5,-5,-56.29999924,10.40345001,10.40345001,4.417938447,4.417938447,2364.950542,0.001926288574,29
1,22,42,3,190.19,2282.28,56.29999924,8,8,56.29999924,10.40345001,10.40345001,4.417938447,4.417938447,2364.950542,0.001926288574,29
1,22,42,4,190.19,2282.28,9.5,-57,-57,9.5,10.40345001,10.40345001,4.417938447,4.417938447,2364.950542,0.001926288574,29
1,22,42,5,190.19,2282.28,-26.79999924,58,58,-26.79999924,10.40345001,10.40345001,4.417938447,4.417938447,2364.950542,0.001926288574,29
1,23,44,1,192.94,2315.28,-0.8999999762,-3,-3,-0.8999999762,10.2553997,10.2553997,4.35506727,4.35506727,2463.367719,0.002006450878,30
1,23,44,2,192.94,2315.28,-56.29999924,1,1,-56.29999924,10.2553997,10.2553997,4.35506727,4.35506727,2463.367719,0.002006450878,30
1,23,44,3,192.94,2315.28,56.29999924,2,2,56.29999924,10.2553997,10.2553997,4.35506727,4.35506727,2463.367719,0.002006450878,30
1,23,44,4,192.94,2315.28,33.79999924,-57,-57,33.79999924,10.2553997,10.2553997,4.35506727,4.35506727,2463.367719,0.002006450878,30
1,23,44,5,192.94,2315.28,56.29999924,58,58,56.29999924,10.2553997,10.2553997,4.35506727,4.35506727,2463.367719,0.002006450878,30
1,24,46,1,195.66,2347.92,0.8999999762,0,0,0.8999999762,10.11205006,10.11205006,4.294192279,4.294192279,2469.532099,0.00201147186,30
1,24,46,2,195.66,2347.92,-56.29999924,-5,-5,-56.29999924,10.11205006,10.11205006,4.294192279,4.294192279,2469.532099,0.00201147186,30
1,24,46,3,195.66,2347.92,56.29999924,0,0,56.29999924,10.11205006,10.11205006,4.294192279,4.294192279,2469.532099,0.00201147186,30
1,24,46,4,195.66,2347.92,37.20000076,-57,-57,37.20000076,10.11205006,10.11205006,4.294192279,4.294192279,2469.532099,0.00201147186,30
1,24,46,5,195.66,2347.92,45.90000153,58,58,45.90000153,10.11205006,10.11205006,4.294192279,4.294192279,2469.532099,0.00201147186,30
1,25,48,1,198.36,2380.32,-0.8999999762,1,1,-0.8999999762,10.11205006,10.11205006,4.294192279,4.294192279,2576.145895,0.002098310436,31
1,25,48,2,198.36,2380.32,-56.29999924,-3,-3,-56.29999924,10.11205006,10.11205006,4.294192279,4.294192279,2576.145895,0.002098310436,31
1,25,48,3,198.36,2380.32,56.29999924,-2,-2,56.29999924,10.11205006,10.11205006,4.294192279,4.294192279,2576.145895,0.002098310436,31
1,25,48,4,198.36,2380.32,-0.8999999762,-57,-57,-0.8999999762,10.11205006,10.11205006,4.294192279,4.294192279,2576.145895,0.002098310436,31
1,25,48,5,198.36,2380.32,26.79999924,57,57,26.79999924,10.11205006,10.11205006,4.294192279,4.294192279,2576.145895,0.002098310436,31
1,26,50,1,201.03,2412.36,-0.8999999762,-1,-1,-0.8999999762,9.978099823,9.978099823,4.237308853,4.237308853,2722.284081,0.002217342235,33
1,26,50,2,201.03,2412.36,-56.29999924,-3,-3,-56.29999924,9.978099823,9.978099823,4.237308853,4.237308853,2722.284081,0.002217342235,33
1,26,50,3,201.03,2412.36,56.29999924,6,6,56.29999924,9.978099823,9.978099823,4.237308853,4.237308853,2722.284081,0.002217342235,33
1,26,50,4,201.03,2412.36,19.89999962,-57,-57,19.89999962,9.978099823,9.978099823,4.237308853,4.237308853,2722.284081,0.002217342235,33
1,26,50,5,201.03,2412.36,42.40000153,58,58,42.40000153,9.978099823,9.978099823,4.237308853,4.237308853,2722.284081,0.002217342235,33
1,27,52,1,203.67,2444.04,-0.8999999762,3,3,-0.8999999762,9.846500397,9.846500397,4.181423722,4.181423722,2775.660438,0.002260818099,34
1,27,52,2,203.67,2444.04,-56.29999924,-3,-3,-56.29999924,9.846500397,9.846500397,4.181423722,4.181423722,2775.660438,0.002260818099,34
1,27,52,3,203.67,2444.04,56.29999924,0,0,56.29999924,9.846500397,9.846500397,4.181423722,4.181423722,2775.660438,0.002260818099,34
1,27,52,4,203.67,2444.04,23.39999962,-57,-57,23.39999962,9.846500397,9.846500397,4.181423722,4.181423722,2775.660438,0.002260818099,34
1,27,52,5,203.67,2444.04,14.69999981,58,58,14.69999981,9.846500397,9.846500397,4.181423722,4.181423722,2775.660438,0.002260818099,34
1,28,54,1,206.28,2475.36,-0.8999999762,1,1,-0.8999999762,9.721949577,9.721949577,4.128531859,4.128531859,2830.548539,0.0023055253,35
1,28,54,2,206.28,2475.36,-56.29999924,-3,-3,-56.29999924,9.721949577,9.721949577,4.128531859,4.128531859,2830.548539,0.0023055253,35
1,28,54,3,206.28,2475.36,56.29999924,-2,-2,56.29999924,9.721949577,9.721949577,4.128531859,4.128531859,2830.548539,0.0023055253,35
1,28,54,4,206.28,2475.36,40.70000076,-57,-57,40.70000076,9.721949577,9.721949577,4.128531859,4.128531859,2830.548539,0.0023055253,35
1,28,54,5,206.28,2475.36,7.800000191,58,58,7.800000191,9.721949577,9.721949577,4.128531859,4.128531859,2830.548539,0.0023055253,35
1,29,56,1,208.87,2506.44,0.8999999762,-2,-2,0.8999999762,9.602100372,9.602100372,4.077636587,4.077636587,3010.2164,0.002451867536,37
1,29,56,2,208.87,2506.44,-56.29999924,-3,-3,-56.29999924,9.602100372,9.602100372,4.077636587,4.077636587,3010.2164,0.002451867536,37
1,29,56,3,208.87,2506.44,56.29999924,0,0,56.29999924,9.602100372,9.602100372,4.077636587,4.077636587,3010.2164,0.002451867536,37
1,29,56,4,208.87,2506.44,-35.5,-57,-57,-35.5,9.602100372,9.602100372,4.077636587,4.077636587,3010.2164,0.002451867536,37
1,29,56,5,208.87,2506.44,0.8999999762,58,58,0.8999999762,9.602100372,9.602100372,4.077636587,4.077636587,3010.2164,0.002451867536,37
1,30,58,1,211.44,2537.28,-0.8999999762,3,3,-0.8999999762,9.486949921,9.486949921,4.028736693,4.028736693,3104.604517,0.002528748108,38
1,30,58,2,211.44,2537.28,-56.29999924,-3,-3,-56.29999924,9.486949921,9.486949921,4.028736693,4.028736693,3104.604517,0.002528748108,38
1,30,58,3,211.44,2537.28,56.29999924,-4,-4,56.29999924,9.486949921,9.486949921,4.028736693,4.028736693,3104.604517,0.002528748108,38
1,30,58,4,211.44,2537.28,14.69999981,-56,-56,14.69999981,9.486949921,9.486949921,4.028736693,4.028736693,3104.604517,0.002528748108,38
1,30,58,5,211.44,2537.28,14.69999981,58,58,14.69999981,9.486949921,9.486949921,4.028736693,4.028736693,3104.604517,0.002528748108,38
1,31,60,1,213.98,2567.76,-0.8999999762,1,1,-0.8999999762,9.486949921,9.486949921,4.028736693,4.028736693,3308.802015,0.002695070109,40
1,31,60,2,213.98,2567.76,-56.29999924,-3,-3,-56.29999924,9.486949921,9.486949921,4.028736693,4.028736693,3308.802015,0.002695070109,40
1,31,60,3,213.98,2567.76,56.29999924,-8,-8,56.29999924,9.486949921,9.486949921,4.028736693,4.028736693,3308.802015,0.002695070109,40
1,31,60,4,213.98,2567.76,0.8999999762,-56,-56,0.8999999762,9.486949921,9.486949921,4.028736693,4.028736693,3308.802015,0.002695070109,40
1,31,60,5,213.98,2567.76,0.8999999762,58,58,0.8999999762,9.486949921,9.486949921,4.028736693,4.028736693,3308.802015,0.002695070109,40
1,32,62,1,216.5,2598,0.8999999762,-2,-2,0.8999999762,9.374150276,9.374150276,3.980835094,3.980835094,3351.544445,0.002729884475,41
1,32,62,2,216.5,2598,-56.29999924,-3,-3,-56.29999924,9.374150276,9.374150276,3.980835094,3.980835094,3351.544445,0.002729884475,41
1,32,62,3,216.5,2598,56.29999924,0,0,56.29999924,9.374150276,9.374150276,3.980835094,3.980835094,3351.544445,0.002729884475,41
1,32,62,4,216.5,2598,-6.099999905,-56,-56,-6.099999905,9.374150276,9.374150276,3.980835094,3.980835094,3351.544445,0.002729884475,41
1,32,62,5,216.5,2598,0.8999999762,58,58,0.8999999762,9.374150276,9.374150276,3.980835094,3.980835094,3351.544445,0.002729884475,41
1,33,64,1,219,2628,-0.8999999762,1,1,-0.8999999762,9.266050339,9.266050339,3.934929278,3.934929278,3459.550301,0.002817856906,42
1,33,64,2,219,2628,-56.29999924,3,3,-56.29999924,9.266050339,9.266050339,3.934929278,3.934929278,3459.550301,0.002817856906,42
1,33,64,3,219,2628,56.29999924,0,0,56.29999924,9.266050339,9.266050339,3.934929278,3.934929278,3459.550301,0.002817856906,42
1,33,64,4,219,2628,4.300000191,-56,-56,4.300000191,9.266050339,9.266050339,3.934929278,3.934929278,3459.550301,0.002817856906,42
1,33,64,5,219,2628,-2.599999905,58,58,-2.599999905,9.266050339,9.266050339,3.934929278,3.934929278,3459.550301,0.002817856906,42
1,34,66,1,221.48,2657.76,0.8999999762,0,0,0.8999999762,9.162650108,9.162650108,3.891019243,3.891019243,3639.428982,0.002964370856,44
1,34,66,2,221.48,2657.76,-56.29999924,3,3,-56.29999924,9.162650108,9.162650108,3.891019243,3.891019243,3639.428982,0.002964370856,44
1,34,66,3,221.48,2657.76,56.29999924,4,4,56.29999924,9.162650108,9.162650108,3.891019243,3.891019243,3639.428982,0.002964370856,44
1,34,66,4,221.48,2657.76,-13,-56,-56,-13,9.162650108,9.162650108,3.891019243,3.891019243,3639.428982,0.002964370856,44
1,34,66,5,221.48,2657.76,45.90000153,58,58,45.90000153,9.162650108,9.162650108,3.891019243,3.891019243,3639.428982,0.002964370856,44
1,35,68,1,223.94,2687.28,0.8999999762,0,0,0.8999999762,9.061599731,9.061599731,3.848107099,3.848107099,3860.023837,0.003144048757,47
1,35,68,2,223.94,2687.28,-56.29999924,3,3,-56.29999924,9.061599731,9.061599731,3.848107099,3.848107099,3860.023837,0.003144048757,47
1,35,68,3,223.94,2687.28,56.29999924,-2,-2,56.29999924,9.061599731,9.061599731,3.848107099,3.848107099,3860.023837,0.003144048757,47
1,35,68,4,223.94,2687.28,-2.599999905,-56,-56,-2.599999905,9.061599731,9.061599731,3.848107099,3.848107099,3860.023837,0.003144048757,47
1,35,68,5,223.94,2687.28,-40.70000076,56,56,-40.70000076,9.061599731,9.061599731,3.848107099,3.848107099,3860.023837,0.003144048757,47
1,36,70,1,226.37,2716.44,-0.8999999762,3,3,-0.8999999762,9.061599731,9.061599731,3.848107099,3.848107099,4015.1159,0.003270373627,49
1,36,70,2,226.37,2716.44,-56.29999924,1,1,-56.29999924,9.061599731,9.061599731,3.848107099,3.848107099,4015.1159,0.003270373627,49
1,36,70,3,226.37,2716.44,56.29999924,0,0,56.29999924,9.061599731,9.061599731,3.848107099,3.848107099,4015.1159,0.003270373627,49
1,36,70,4,226.37,2716.44,51.09999847,-57,-57,51.09999847,9.061599731,9.061599731,3.848107099,3.848107099,4015.1159,0.003270373627,49
1,36,70,5,226.37,2716.44,-40.70000076,56,56,-40.70000076,9.061599731,9.061599731,3.848107099,3.848107099,4015.1159,0.003270373627,49
1,37,72,1,228.79,2745.48,0.8999999762,2,2,0.8999999762,8.965250015,8.965250015,3.807191141,3.807191141,4145.644742,0.003376691375,51
1,37,72,2,228.79,2745.48,-56.29999924,5,5,-56.29999924,8.965250015,8.965250015,3.807191141,3.807191141,4145.644742,0.003376691375,51
1,37,72,3,228.79,2745.48,56.29999924,-4,-4,56.29999924,8.965250015,8.965250015,3.807191141,3.807191141,4145.644742,0.003376691375,51
1,37,72,4,228.79,2745.48,4.300000191,-56,-56,4.300000191,8.965250015,8.965250015,3.807191141,3.807191141,4145.644742,0.003376691375,51
1,37,72,5,228.79,2745.48,-0.8999999762,55,55,-0.8999999762,8.965250015,8.965250015,3.807191141,3.807191141,4145.644742,0.003376691375,51
1,38,74,1,231.19,2774.28,-0.8999999762,-3,-3,-0.8999999762,8.871250153,8.871250153,3.767273075,3.767273075,4423.519261,0.003603024443,54
1,38,74,2,231.19,2774.28,-56.29999924,3,3,-56.29999924,8.871250153,8.871250153,3.767273075,3.767273075,4423.519261,0.003603024443,54
1,38,74,3,231.19,2774.28,56.29999924,0,0,56.29999924,8.871250153,8.871250153,3.767273075,3.767273075,4423.519261,0.003603024443,54
1,38,74,4,231.19,2774.28,4.300000191,-56,-56,4.300000191,8.871250153,8.871250153,3.767273075,3.767273075,4423.519261,0.003603024443,54
1,38,74,5,231.19,2774.28,-51.09999847,56,56,-51.09999847,8.871250153,8.871250153,3.767273075,3.767273075,4423.519261,0.003603024443,54
1,39,76,1,233.58,2802.96,-0.8999999762,-3,-3,-0.8999999762,8.779600143,8.779600143,3.7283529,3.7283529,4621.110383,0.00376396545,56
1,39,76,2,233.58,2802.96,-56.29999924,3,3,-56.29999924,8.779600143,8.779600143,3.7283529,3.7283529,4621.110383,0.00376396545,56
1,39,76,3,233.58,2802.96,56.29999924,-4,-4,56.29999924,8.779600143,8.779600143,3.7283529,3.7283529,4621.110383,0.00376396545,56
1,39,76,4,233.58,2802.96,-4.300000191,-57,-57,-4.300000191,8.779600143,8.779600143,3.7283529,3.7283529,4621.110383,0.00376396545,56
1,39,76,5,233.58,2802.96,-47.59999847,56,56,-47.59999847,8.779600143,8.779600143,3.7283529,3.7283529,4621.110383,0.00376396545,56
1,40,78,1,235.94,2831.28,-0.8999999762,-3,-3,-0.8999999762,8.692649841,8.692649841,3.691428506,3.691428506,4855.728021,0.003955065123,59
1,40,78,2,235.94,2831.28,-56.29999924,3,3,-56.29999924,8.692649841,8.692649841,3.691428506,3.691428506,4855.728021,0.003955065123,59
1,40,78,3,235.94,2831.28,56.29999924,-2,-2,56.29999924,8.692649841,8.692649841,3.691428506,3.691428506,4855.728021,0.003955065123,59
1,40,78,4,235.94,2831.28,-4.300000191,-57,-57,-4.300000191,8.692649841,8.692649841,3.691428506,3.691428506,4855.728021,0.003955065123,59
1,40,78,5,235.94,2831.28,0.8999999762,56,56,0.8999999762,8.692649841,8.692649841,3.691428506,3.691428506,4855.728021,0.003955065123,59
1,41,80,1,238.29,2859.48,-0.8999999762,-1,-1,-0.8999999762,8.605699539,8.605699539,3.654504113,3.654504113,5082.837421,0.00414004922,62
1,41,80,2,238.29,2859.48,-56.29999924,3,3,-56.29999924,8.605699539,8.605699539,3.654504113,3.654504113,5082.837421,0.00414004922,62
1,41,80,3,238.29,2859.48,56.29999924,-2,-2,56.29999924,8.605699539,8.605699539,3.654504113,3.654504113,5082.837421,0.00414004922,62
1,41,80,4,238.29,2859.48,-0.8999999762,-57,-57,-0.8999999762,8.605699539,8.605699539,3.654504113,3.654504113,5082.837421,0.00414004922,62
1,41,80,5,238.29,2859.48,-2.599999905,56,56,-2.599999905,8.605699539,8.605699539,3.654504113,3.654504113,5082.837421,0.00414004922,62
1,42,82,1,240.63,2887.56,-0.8999999762,1,1,-0.8999999762,8.605699539,8.605699539,3.654504113,3.654504113,5423.090262,0.00441719039,66
1,42,82,2,240.63,2887.56,-56.29999924,3,3,-56.29999924,8.605699539,8.605699539,3.654504113,3.654504113,5423.090262,0.00441719039,66
1,42,82,3,240.63,2887.56,56.29999924,-2,-2,56.29999924,8.605699539,8.605699539,3.654504113,3.654504113,5423.090262,0.00441719039,66
1,42,82,4,240.63,2887.56,2.599999905,-57,-57,2.599999905,8.605699539,8.605699539,3.654504113,3.654504113,5423.090262,0.00441719039,66
1,42,82,5,240.63,2887.56,-32,57,57,-32,8.605699539,8.605699539,3.654504113,3.654504113,5423.090262,0.00441719039,66
1,43,84,1,242.95,2915.4,0.8999999762,0,0,0.8999999762,8.523449898,8.523449898,3.619575906,3.619575906,5627.174815,0.004583420396,69
1,43,84,2,242.95,2915.4,-56.29999924,3,3,-56.29999924,8.523449898,8.523449898,3.619575906,3.619575906,5627.174815,0.004583420396,69
1,43,84,3,242.95,2915.4,56.29999924,-2,-2,56.29999924,8.523449898,8.523449898,3.619575906,3.619575906,5627.174815,0.004583420396,69
1,43,84,4,242.95,2915.4,-0.8999999762,-57,-57,-0.8999999762,8.523449898,8.523449898,3.619575906,3.619575906,5627.174815,0.004583420396,69
1,43,84,5,242.95,2915.4,6.099999905,57,57,6.099999905,8.523449898,8.523449898,3.619575906,3.619575906,5627.174815,0.004583420396,69
1,44,86,1,245.25,2943,0.8999999762,0,0,0.8999999762,8.441200256,8.441200256,3.584647699,3.584647699,6424.1039,0.005232531387,79
1,44,86,2,245.25,2943,-56.29999924,-1,-1,-56.29999924,8.441200256,8.441200256,3.584647699,3.584647699,6424.1039,0.005232531387,79
1,44,86,3,245.25,2943,56.29999924,-2,-2,56.29999924,8.441200256,8.441200256,3.584647699,3.584647699,6424.1039,0.005232531387,79
1,44,86,4,245.25,2943,-0.8999999762,-57,-57,-0.8999999762,8.441200256,8.441200256,3.584647699,3.584647699,6424.1039,0.005232531387,79
1,44,86,5,245.25,2943,2.599999905,57,57,2.599999905,8.441200256,8.441200256,3.584647699,3.584647699,6424.1039,0.005232531387,79
1,45,88,1,247.54,2970.48,0.8999999762,0,0,0.8999999762,8.361300468,8.361300468,3.550717383,3.550717383,7487.297399,0.006098518837,91
1,45,88,2,247.54,2970.48,-56.29999924,-1,-1,-56.29999924,8.361300468,8.361300468,3.550717383,3.550717383,7487.297399,0.006098518837,91
1,45,88,3,247.54,2970.48,56.29999924,4,4,56.29999924,8.361300468,8.361300468,3.550717383,3.550717383,7487.297399,0.006098518837,91
1,45,88,4,247.54,2970.48,2.599999905,-57,-57,2.599999905,8.361300468,8.361300468,3.550717383,3.550717383,7487.297399,0.006098518837,91
1,45,88,5,247.54,2970.48,-0.8999999762,57,57,-0.8999999762,8.361300468,8.361300468,3.550717383,3.550717383,7487.297399,0.006098518837,91
1,46,90,1,249.82,2997.84,-0.8999999762,1,1,-0.8999999762,8.286100388,8.286100388,3.518782849,3.518782849,7163.072214,0.005834432439,88
1,46,90,2,249.82,2997.84,-56.29999924,-1,-1,-56.29999924,8.286100388,8.286100388,3.518782849,3.518782849,7163.072214,0.005834432439,88
1,46,90,3,249.82,2997.84,56.29999924,-4,-4,56.29999924,8.286100388,8.286100388,3.518782849,3.518782849,7163.072214,0.005834432439,88
1,46,90,4,249.82,2997.84,-0.8999999762,-57,-57,-0.8999999762,8.286100388,8.286100388,3.518782849,3.518782849,7163.072214,0.005834432439,88
1,46,90,5,249.82,2997.84,-0.8999999762,57,57,-0.8999999762,8.286100388,8.286100388,3.518782849,3.518782849,7163.072214,0.005834432439,88
1,47,92,1,252.09,3025.08,-0.8999999762,-1,-1,-0.8999999762,8.210900307,8.210900307,3.486848315,3.486848315,6544.865521,0.005330893585,80
1,47,92,2,252.09,3025.08,-56.29999924,-1,-1,-56.29999924,8.210900307,8.210900307,3.486848315,3.486848315,6544.865521,0.005330893585,80
1,47,92,3,252.09,3025.08,56.29999924,-2,-2,56.29999924,8.210900307,8.210900307,3.486848315,3.486848315,6544.865521,0.005330893585,80
1,47,92,4,252.09,3025.08,9.5,-57,-57,9.5,8.210900307,8.210900307,3.486848315,3.486848315,6544.865521,0.005330893585,80
1,47,92,5,252.09,3025.08,-0.8999999762,57,57,-0.8999999762,8.210900307,8.210900307,3.486848315,3.486848315,6544.865521,0.005330893585,80
1,48,94,1,254.34,3052.08,0.8999999762,0,0,0.8999999762,8.138050079,8.138050079,3.455911672,3.455911672,12043.65984,0.009809746096,147
1,48,94,2,254.34,3052.08,-56.29999924,1,1,-56.29999924,8.138050079,8.138050079,3.455911672,3.455911672,12043.65984,0.009809746096,147
1,48,94,3,254.34,3052.08,56.29999924,2,2,56.29999924,8.138050079,8.138050079,3.455911672,3.455911672,12043.65984,0.009809746096,147
1,48,94,4,254.34,3052.08,0.8999999762,-56,-56,0.8999999762,8.138050079,8.138050079,3.455911672,3.455911672,12043.65984,0.009809746096,147
1,48,94,5,254.34,3052.08,-52.79999924,57,57,-52.79999924,8.138050079,8.138050079,3.455911672,3.455911672,12043.65984,0.009809746096,147
1,49,96,1,256.58,3078.96,0.8999999762,0,0,0.8999999762,8.138050079,8.138050079,3.455911672,3.455911672,17335.96524,0.0141204102,212
1,49,96,2,256.58,3078.96,-56.29999924,-1,-1,-56.29999924,8.138050079,8.138050079,3.455911672,3.455911672,17335.96524,0.0141204102,212
1,49,96,3,256.58,3078.96,56.29999924,-2,-2,56.29999924,8.138050079,8.138050079,3.455911672,3.455911672,17335.96524,0.0141204102,212
1,49,96,4,256.58,3078.96,0.8999999762,-56,-56,0.8999999762,8.138050079,8.138050079,3.455911672,3.455911672,17335.96524,0.0141204102,212
1,49,96,5,256.58,3078.96,-0.8999999762,55,55,-0.8999999762,8.138050079,8.138050079,3.455911672,3.455911672,17335.96524,0.0141204102,212
1,50,98,1,258.81,3105.72,0.8999999762,0,0,0.8999999762,8.067549706,8.067549706,3.42597292,3.42597292,20629.23747,0.01680283106,252
1,50,98,2,258.81,3105.72,-56.29999924,-1,-1,-56.29999924,8.067549706,8.067549706,3.42597292,3.42597292,20629.23747,0.01680283106,252
1,50,98,3,258.81,3105.72,56.29999924,2,2,56.29999924,8.067549706,8.067549706,3.42597292,3.42597292,20629.23747,0.01680283106,252
1,50,98,4,258.81,3105.72,0.8999999762,-56,-56,0.8999999762,8.067549706,8.067549706,3.42597292,3.42597292,20629.23747,0.01680283106,252
1,50,98,5,258.81,3105.72,-0.8999999762,55,55,-0.8999999762,8.067549706,8.067549706,3.42597292,3.42597292,20629.23747,0.01680283106,252
1,51,100,1,261.03,3132.36,0.8999999762,0,0,0.8999999762,7.999400139,7.999400139,3.397032464,3.397032464,16896.20918,0.01376222213,206
1,51,100,2,261.03,3132.36,-56.29999924,1,1,-56.29999924,7.999400139,7.999400139,3.397032464,3.397032464,16896.20918,0.01376222213,206
1,51,100,3,261.03,3132.36,56.29999924,-2,-2,56.29999924,7.999400139,7.999400139,3.397032464,3.397032464,16896.20918,0.01376222213,206
1,51,100,4,261.03,3132.36,0.8999999762,-56,-56,0.8999999762,7.999400139,7.999400139,3.397032464,3.397032464,16896.20918,0.01376222213,206
1,51,100,5,261.03,3132.36,-52.79999924,57,57,-52.79999924,7.999400139,7.999400139,3.397032464,3.397032464,16896.20918,0.01376222213,206
1,52,102,1,263.23,3158.76,0.8999999762,0,0,0.8999999762,7.931250095,7.931250095,3.368091805,3.368091805,14930.2145,0.01216088924,182
1,52,102,2,263.23,3158.76,-56.29999924,1,1,-56.29999924,7.931250095,7.931250095,3.368091805,3.368091805,14930.2145,0.01216088924,182
1,52,102,3,263.23,3158.76,56.29999924,-2,-2,56.29999924,7.931250095,7.931250095,3.368091805,3.368091805,14930.2145,0.01216088924,182
1,52,102,4,263.23,3158.76,0.8999999762,-56,-56,0.8999999762,7.931250095,7.931250095,3.368091805,3.368091805,14930.2145,0.01216088924,182
1,52,102,5,263.23,3158.76,-52.79999924,57,57,-52.79999924,7.931250095,7.931250095,3.368091805,3.368091805,14930.2145,0.01216088924,182
1,53,104,1,265.43,3185.16,0.8999999762,0,0,0.8999999762,7.865449905,7.865449905,3.340149037,3.340149037,13821.21277,0.01125759028,169
1,53,104,2,265.43,3185.16,-56.29999924,1,1,-56.29999924,7.865449905,7.865449905,3.340149037,3.340149037,13821.21277,0.01125759028,169
1,53,104,3,265.43,3185.16,56.29999924,-2,-2,56.29999924,7.865449905,7.865449905,3.340149037,3.340149037,13821.21277,0.01125759028,169
1,53,104,4,265.43,3185.16,0.8999999762,-56,-56,0.8999999762,7.865449905,7.865449905,3.340149037,3.340149037,13821.21277,0.01125759028,169
1,53,104,5,265.43,3185.16,-52.79999924,57,57,-52.79999924,7.865449905,7.865449905,3.340149037,3.340149037,13821.21277,0.01125759028,169
