energy_mevu,rmse_mm,isocenter_error_mm,sigma_source_mm,sigma_prime_rad,correlation
120.26,0.03967369709047999,0.04800134961396285,2.135466674417835,0.005406666657079294,0.999999
123.91,0.03867818741262587,0.04400133574033305,2.1437333350941565,0.005253333336634547,0.999999
127.51,0.032588369381664144,0.0360013226573912,2.128800003476653,0.005139999995399123,0.999999
131.05,0.03258836922665534,0.036001300107900036,2.129466668319615,0.0050066666788630846,0.999999
134.55,0.03136880167058209,0.038001257271039535,2.105466686371121,0.004906666687112211,0.999999
138.0,0.02782088259515504,0.03200127414298137,2.0894666669068145,0.004806666667036496,0.999999
141.4,0.026533025116424688,0.028001256214187364,2.0805333364650336,0.00469333333352359,0.999999
144.75,0.023108466504464385,0.028001237487023545,2.0594666700363553,0.0046066666691650555,0.999999
148.06,0.025258688022095778,0.03000121514162135,2.0318666719285936,0.004526666671874202,0.999999
151.32,0.022759639075097204,0.028001206817128477,2.0082666763068744,0.004446666652419695,0.999999
154.54,0.019595943320997775,0.022001186833235487,1.9841333373590224,0.004373333332227026,0.999999
157.72,0.02172558613932772,0.024001171278593247,1.9665333367522093,0.00429333333383217,0.999999
160.86,0.018055494501254564,0.01800115539627889,1.9333333342692363,0.004233333333685527,0.999999
163.95,0.015684411420388927,0.016001136998478493,1.901599999934039,0.004180000003565069,0.999999
167.01,0.01568441081542868,0.022001111809427876,1.8900000088990643,0.004100000008376609,0.999999
170.03,0.01568441084095113,0.016001109505104694,1.8622666652931974,0.004046666670345531,0.999999
173.01,0.013490760882898925,0.014001085033852334,1.8305333371765158,0.003993333340035364,0.999999
175.96,0.00979798172549781,0.014001078216400842,1.802266666693704,0.003946666666602299,0.999999
178.87,0.013190928467716129,0.01400106012269653,1.7740000029990188,0.003899999999758067,0.999999
181.75,0.010862802963391156,0.012001048880149412,1.752266667426555,0.003846666666207174,0.999999
184.59,0.0074833364460248596,0.0060010343592189486,1.7209333338223831,0.0038133333327060905,0.999999
187.41,0.008366621936437552,0.010001021067211013,1.6986666702782576,0.0037666666617372207,0.999999
190.19,0.00748333477816425,0.00600100752854793,1.6743999989095288,0.0037200000015731064,0.999999
192.94,0.006164433743829411,0.008000992897037484,1.645066672385379,0.0036866666588109085,0.999999
195.66,0.006164434781943065,0.008000980664382595,1.6222666670430614,0.0036466666661503985,0.999999
198.36,0.006164433155858766,0.008000965670525773,1.5904000003569965,0.0036200000002125257,0.999999
201.03,0.002449501148494817,0.004000927270507049,1.5716000157975007,0.0035800000176107486,0.999999
203.67,0.002828445460309985,0.00200093415534619,1.546266671196515,0.0035466666718190444,0.999999
206.28,0.0024495008588413946,0.00400092274192998,1.5269333382199868,0.003513333339098685,0.999999
208.87,0.0028284449785316644,0.002000917102316979,1.5016000006159074,0.0034800000013886835,0.999999
211.44,0.0024495005641611205,0.00400090745713122,1.4822666670311533,0.0034466666669406044,0.999999
213.98,0.002040006978034809,0.0024253225807928658,1.494066360189579,0.003458498445791093,0.9311576293631914
216.5,0.0011815893137910446,0.0009842227587006924,1.506068133411694,0.0034591573199376975,0.8720997888895465
219.0,0.0022518075253253242,0.0028811743814269875,1.4314065523010295,0.0034071360986087018,0.9490227995869254
221.48,0.0020389480072623115,0.0024246497219992946,1.420091256958425,0.0033913665804887567,0.9280339677687294
223.94,0.0023149118538883704,0.0013677524987545375,1.5216750167965,0.003470927645346179,0.7278454608830264
226.37,0.0027693841189023625,0.004392998713468543,1.4542043816817876,0.0033916065113922724,0.8084634127837976
228.79,0.0012042748127793412,0.0015098381786575743,1.456628994164619,0.0033972411066320383,0.7627565523059627
231.19,0.002838405691258543,0.004322909986977486,1.4362815327475815,0.0033870551871416884,0.7531411216787698
233.58,0.001230058853959232,0.0019020878203543923,1.381795327347991,0.0033300528449729558,0.8128211672428818
235.94,0.0012063682072666717,0.0015065724561735827,1.403204472522721,0.0033294364717338554,0.7550417891034721
238.29,0.002838062026417121,0.004325472564319366,1.3829643424415714,0.003319215144317423,0.7449568940877064
240.63,0.0011965776231029643,0.0003984296486141403,1.450372352631584,0.0033873130125419374,0.6013603457931962
242.95,0.0016135668007857275,6.95768685021747e-05,1.4480698541447905,0.0033708672032771608,0.583112599138086
245.25,0.0015420238780388823,0.0024878437881641347,1.3958719305640068,0.0033149181838461866,0.6318553355755259
247.54,0.0012034171887497101,0.0004028660544181939,1.4069210576549325,0.003319195119323879,0.5909373841926686
249.82,0.0016065468882009227,6.764961506444678e-05,1.404709609517621,0.0033027210664127228,0.5721667477705391
252.09,0.0026773601173350546,0.0010554094516428414,1.4472183447790812,0.0033531731669071596,0.47464105233776976
254.34,0.0017482342662578944,0.0028301951362843525,1.3882186180992857,0.003304191562867516,0.5262117024003706
256.58,0.0012183320002360203,0.0004127763377010929,1.3453295546380433,0.0032495917274677462,0.5755912435296499
258.81,0.0004065488562422523,0.0005723902873242537,1.3888691029929165,0.003299446303369251,0.4743254649284738
261.03,0.0017490008869466948,0.0028323997348458363,1.3540649191516951,0.003236509588175573,0.5159209837411898
263.23,0.00040462863878719965,0.0005779721879877187,1.3813405619180184,0.0032343398082891298,0.47088878624092434
265.43,0.0016235714698087818,0.0020721638337835024,1.4642195713875852,0.0033464945376012983,0.3135971762352974
267.62,0.001232749066448996,0.0015591392526301817,1.404779203312115,0.003280402410537168,0.37395954204207926
269.8,0.0010272154745229335,0.001339046858095383,1.4138589011381149,0.0032824425483682146,0.3402280814218475
271.97,0.0022334268834386228,0.0008541499256748963,1.4194769665730147,0.0032664264619158426,0.32614654112855823
274.13,0.0012326318711425653,0.0015594132186258491,1.37923946256414,0.0032132716163994312,0.3640863513924841
276.28,0.0012211523686716911,0.0015536959680506612,1.3619892023576028,0.0032110018338407558,0.3580845742447844
278.42,0.0004255864726000572,0.00034750765333635414,1.4348426157056424,0.0032619125380393466,0.2526520026467835
280.56,0.002219975155745486,0.0008590783897579612,1.3766930233604064,0.003196715319334415,0.30952196221691547
282.69,0.0024292397596418366,0.003754577974211859,1.3937172014611006,0.0031995087861607465,0.2799634191699142
284.81,0.00043083655964792445,0.00034272667746959584,1.4173044206375487,0.0031959434211102484,0.24465356385023448
286.93,0.00041889001568738845,0.0003514200887040353,1.400444128218418,0.003193036195373494,0.2382433109997469
289.04,0.0022412541017601986,0.0032457391123101864,1.4166032857235007,0.0031954605252249137,0.21099726510684272
291.14,0.0024426499967672576,0.0027565203750321565,1.4213118061931584,0.0031792898947230245,0.1981259487712031
293.24,0.0035028450067893036,0.003543967766666878,1.4196057434149827,0.0031714048405964493,0.18849761174863922
295.33,0.0004179489038512607,0.0003510472636496509,1.3744376708261625,0.003125550189107514,0.22662954386959036
297.42,0.0022414285843409126,0.0032452710998498446,1.390452750328075,0.003127905041627651,0.19918131930156446
299.5,0.00244182403287957,0.0027556789500922108,1.3950726230186747,0.00311171736440092,0.18617680451094304
301.57,0.00042951689815146174,0.0003415137892242015,1.3651615004371063,0.0030610638440594674,0.2214161417231088
303.64,0.0014170713901332976,0.0006519578311015017,1.4086235990744036,0.0031059483371773987,0.15051930876287278
305.71,0.0012395793904351187,0.0012311119678543037,1.4807478524693494,0.003155149460904836,0.07034008521798128
307.77,0.0008299293655554997,0.0011816230513215231,1.452563617599157,0.00310559142522557,0.09884484018639395
309.82,0.0020705678776947304,0.0017030788411585007,1.4667538975294268,0.0031075979749163366,0.07546762460797901
311.87,0.002587988063136521,0.0016619620022986226,1.4479010809304314,0.0030873179255098224,0.08387312483606957
313.91,0.0012461882162184599,0.0012233834708790248,1.4618945428337304,0.003089199656423733,0.06080329327999986
315.95,0.0014884225610883267,0.0021973747958079493,1.4894311316980526,0.003086771776696774,0.03657080474198806
317.99,0.002625867661899832,0.0016769954534843201,1.4456242026585757,0.0030253161775576007,0.08093350862620972
320.02,0.001268810077590231,0.0012034531268976245,1.4594478100761037,0.003027441364228348,0.057624412615618896
322.04,0.0020294638673530162,0.00273540825809393,1.5210239662981455,0.003083948066364713,-0.010813706516500087
324.06,0.001508978208912909,0.0022118873387619864,1.478478967917721,0.0030231033777158504,0.029890015378847754
326.08,0.00036494161131626836,0.0003497797693499116,1.5441397132343848,0.003071531001867993,-0.038149000370341246
328.09,0.002509402430044509,0.0040489778643295615,1.478705326621436,0.002970404017153885,0.03443850607766928
330.09,0.0024565805670024817,9.844852291562844e-05,1.5386738920338632,0.0030273413565083548,-0.03218951658744641
332.09,0.00042917839896558556,0.0003831000451248734,1.5490248112783784,0.0030133425268136656,-0.03933573889311832
334.09,0.002140811927093356,0.00015288405299429542,1.5077099145768695,0.0029522417682066723,-0.00040900297858774263
336.08,0.002392688517989233,5.7761000942679885e-05,1.5438220342399287,0.002969419946005634,-0.03372937700844447
338.06,0.0004955490759311973,0.0004164420530536894,1.5540345924404046,0.002955497560747518,-0.04099084031433762
340.04,0.003287288499880958,0.0008841406854060985,1.5640783396487397,0.0029415557102608915,-0.04816228621530021
342.01,0.0023274285898031576,1.6863788139254154e-05,1.5490938961397296,0.0029118580388095014,-0.035757770694190304
343.97,0.0005638986318903432,0.00044977949316171717,1.5591674547194483,0.002898016159883592,-0.043136651476909454
345.93,0.001715477294000009,0.002390684849843172,1.579390640267419,0.002903472962591676,-0.06066766084437847
347.88,0.0022787744074378082,0.001930226734389251,1.5891413588283714,0.002889719613247201,-0.06782780258102092
349.83,0.002798554274377119,0.0017899292204344164,1.6235518881734283,0.0029083401462457956,-0.09865017880538574
351.77,0.0008610407700050198,0.001333039337974018,1.6329057333115924,0.0028947675831668485,-0.10551214420911266
353.7,0.0013001808516866055,0.0010889494239147979,1.6173789373443965,0.0028492792028781766,-0.08276645065508723
355.62,0.001958658152313314,0.0015353974981406893,1.6267458355829663,0.0028357026256386913,-0.08987698928213088
357.53,0.0008672566126480107,0.0012862145390313273,1.6462749073205587,0.002842079691316121,-0.10671362733587929
359.44,0.002731948205244375,0.00410194922632412,1.665623991715072,0.0028485801266961894,-0.12315411203839825
361.34,0.0033059903893671552,0.002586068459848878,1.687047973791995,0.0028318183789783477,-0.1315106019339201
363.23,0.0015359600525211021,0.00022366680106333803,1.7060273419714942,0.002838673151920409,-0.1474449538464472
365.1,0.0018804067565667334,0.0030274465426796127,1.724844870320713,0.0028456485378756794,-0.1630212437809589
366.97,0.000922155609436609,0.001188869356890887,1.6825417742629294,0.0027415425320067616,-0.10900616770399799
368.83,0.002786812717167379,0.0008364389388892945,1.7640106932927215,0.0028365845104031243,-0.1861317836082172
370.68,0.002442530067693773,0.0032578739325095363,1.7504724300587358,0.0027922933038206574,-0.1677646855759699
372.51,0.0002903962320676545,0.0004681647772830644,1.7690387085130665,0.0028000796454678,-0.18326806793360353
374.34,0.0019171652371044485,0.001899460172757994,1.8043260809834218,0.0027987427452485537,-0.20283977265908051
376.15,0.00035894371479605494,0.0005256515928535599,1.7914418314302716,0.0027547116982903257,-0.18550575691077686
377.95,0.0018476474124829187,0.002248306553187973,1.8098495494052935,0.002763308897659032,-0.20098258782301773
379.73,0.001626134494045646,0.0011993853453406977,1.8401682252962073,0.0027692961515735186,-0.21774020994270796
381.51,0.0004611347624693683,0.0005810280266254075,1.8142263969252228,0.0027101744116252292,-0.18866223493630802
383.26,0.0007267289513828025,0.0011659978484321876,1.8748611732220057,0.0027696284640135525,-0.23708341231279803
385.01,0.0005801309084109015,0.000634237861114606,1.8373778270943169,0.00266650884891859,-0.19274455923566253
386.73,0.0016166618570669267,0.002120508445969449,1.8557504780255325,0.0026765489424438703,-0.20880466288108002
388.44,0.0014138540990164712,0.0013260825146215183,1.8859969412951243,0.0026841209763922027,-0.22635458709425735
390.14,0.0007080880936431871,0.000685223401821311,1.8608820386352096,0.0026237579546052174,-0.19775860043208804
391.82,0.0007459404456163469,0.0010479404393226588,1.9206027260442828,0.0026863350472178162,-0.2466600952915507
393.47,0.001500727993431565,0.002396199616603756,1.9502693052092377,0.002694663550344311,-0.26333980805579654
395.11,0.0021663553087858086,0.0017399164912044185,1.926031754517187,0.0026347924035597346,-0.23728471288110634
396.73,0.0016935025712924272,1.655326697536097e-05,1.9842010080902095,0.0026978713655550525,-0.28276703542815596
398.34,0.0023314790708579072,0.0012750674187680389,1.9604719694234591,0.002618706761479191,-0.2527138442290626
399.92,0.0008992795890763298,0.0009362213279264786,1.976968207224057,0.002611046708389889,-0.2581751076080144
