Energy[MeV/u],thetax2_sqrt[rad],thetay2_sqrt[rad],xtheta[mm rad],ytheta[mm rad],x2_sqrt[mm],y2_sqrt[mm]
120.26,0.005406666657079294,0.005406666657079294,0.011545744920122445,0.011545744920122445,2.135466674417835,2.135466674417835
123.91,0.005253333336634547,0.005253333336634547,0.011261734532359097,0.011261734532359097,2.1437333350941565,2.1437333350941565
127.51,0.005139999995399123,0.005139999995399123,0.010942021066043642,0.010942021066043642,2.128800003476653,2.128800003476653
131.05,0.0050066666788630846,0.0050066666788630846,0.010661519150495593,0.010661519150495593,2.129466668319615,2.129466668319615
134.55,0.004906666687112211,0.004906666687112211,0.010330812920018464,0.010330812920018464,2.105466686371121,2.105466686371121
138.0,0.004806666667036496,0.004806666667036496,0.010043359736335055,0.010043359736335055,2.0894666669068145,2.0894666669068145
141.4,0.00469333333352359,0.00469333333352359,0.009764626694901931,0.009764626694901931,2.0805333364650336,2.0805333364650336
144.75,0.0046066666691650555,0.0046066666691650555,0.00948726697783636,0.00948726697783636,2.0594666700363553,2.0594666700363553
148.06,0.004526666671874202,0.004526666671874202,0.009197573947927973,0.009197573947927973,2.0318666719285936,2.0318666719285936
151.32,0.004446666652419695,0.004446666652419695,0.008930083528607056,0.008930083528607056,2.0082666763068744,2.0082666763068744
154.54,0.004373333332227026,0.004373333332227026,0.008677267782578603,0.008677267782578603,1.9841333373590224,1.9841333373590224
157.72,0.00429333333383217,0.00429333333383217,0.008442974683787338,0.008442974683787338,1.9665333367522093,1.9665333367522093
160.86,0.004233333333685527,0.004233333333685527,0.008184436264642892,0.008184436264642892,1.9333333342692363,1.9333333342692363
163.95,0.004180000003565069,0.004180000003565069,0.007948680057815611,0.007948680057815611,1.901599999934039,1.901599999934039
167.01,0.004100000008376609,0.004100000008376609,0.007748992303317902,0.007748992303317902,1.8900000088990643,1.8900000088990643
170.03,0.004046666670345531,0.004046666670345531,0.007535964909765052,0.007535964909765052,1.8622666652931974,1.8622666652931974
173.01,0.003993333340035364,0.003993333340035364,0.0073099224954633725,0.0073099224954633725,1.8305333371765158,1.8305333371765158
175.96,0.003946666666602299,0.003946666666602299,0.0071129386648227,0.0071129386648227,1.802266666693704,1.802266666693704
178.87,0.003899999999758067,0.003899999999758067,0.006918593092666973,0.006918593092666973,1.7740000029990188,1.7740000029990188
181.75,0.003846666666207174,0.003846666666207174,0.006740379039509881,0.006740379039509881,1.752266667426555,1.752266667426555
184.59,0.0038133333327060905,0.0038133333327060905,0.0065624858827374654,0.0065624858827374654,1.7209333338223831,1.7209333338223831
187.41,0.0037666666617372207,0.0037666666617372207,0.006398304718030168,0.006398304718030168,1.6986666702782576,1.6986666702782576
190.19,0.0037200000015731064,0.0037200000015731064,0.0062287617698094586,0.0062287617698094586,1.6743999989095288,1.6743999989095288
192.94,0.0036866666588109085,0.0036866666588109085,0.006064806387791732,0.006064806387791732,1.645066672385379,1.645066672385379
195.66,0.0036466666661503985,0.0036466666661503985,0.0059158598624470616,0.0059158598624470616,1.6222666670430614,1.6222666670430614
198.36,0.0036200000002125257,0.0036200000002125257,0.005757242244382326,0.005757242244382326,1.5904000003569965,1.5904000003569965
201.03,0.0035800000176107486,0.0035800000176107486,0.005626322457904021,0.005626322457904021,1.5716000157975007,1.5716000157975007
203.67,0.0035466666718190444,0.0035466666718190444,0.005484086984384788,0.005484086984384788,1.546266671196515,1.546266671196515
206.28,0.003513333339098685,0.003513333339098685,0.005364620439123724,0.005364620439123724,1.5269333382199868,1.5269333382199868
208.87,0.0034800000013886835,0.0034800000013886835,0.005225562778660601,0.005225562778660601,1.5016000006159074,1.5016000006159074
211.44,0.0034466666669406044,0.0034466666669406044,0.005108874003894311,0.005108874003894311,1.4822666670311533,1.4822666670311533
213.98,0.003458498445791093,0.003458498445791093,0.004811502084458278,0.004811502084458278,1.494066360189579,1.494066360189579
216.5,0.0034591573199376975,0.0034591573199376975,0.004543401475022977,0.004543401475022977,1.506068133411694,1.506068133411694
219.0,0.0034071360986087018,0.0034071360986087018,0.00462838128590282,0.00462838128590282,1.4314065523010295,1.4314065523010295
221.48,0.0033913665804887567,0.0033913665804887567,0.004469458018399984,0.004469458018399984,1.420091256958425,1.420091256958425
223.94,0.003470927645346179,0.003470927645346179,0.003844205969355922,0.003844205969355922,1.5216750167965,1.5216750167965
226.37,0.0033916065113922724,0.0033916065113922724,0.003987413545360665,0.003987413545360665,1.4542043816817876,1.4542043816817876
228.79,0.0033972411066320383,0.0033972411066320383,0.003774515974957638,0.003774515974957638,1.456628994164619,1.456628994164619
231.19,0.0033870551871416884,0.0033870551871416884,0.003663854429991059,0.003663854429991059,1.4362815327475815,1.4362815327475815
233.58,0.0033300528449729558,0.0033300528449729558,0.003740157147545966,0.003740157147545966,1.381795327347991,1.381795327347991
235.94,0.0033294364717338554,0.0033294364717338554,0.0035274647455114153,0.0035274647455114153,1.403204472522721,1.403204472522721
238.29,0.003319215144317423,0.003319215144317423,0.003419617489673572,0.003419617489673572,1.3829643424415714,1.3829643424415714
240.63,0.0033873130125419374,0.0033873130125419374,0.0029544022812899727,0.0029544022812899727,1.450372352631584,1.450372352631584
242.95,0.0033708672032771608,0.0033708672032771608,0.002846319062260543,0.002846319062260543,1.4480698541447905,1.4480698541447905
245.25,0.0033149181838461866,0.0033149181838461866,0.0029237217954015456,0.0029237217954015456,1.3958719305640068,1.3958719305640068
247.54,0.003319195119323879,0.003319195119323879,0.002759586288988178,0.002759586288988178,1.4069210576549325,1.4069210576549325
249.82,0.0033027210664127228,0.0033027210664127228,0.0026544898227874258,0.0026544898227874258,1.404709609517621,1.404709609517621
252.09,0.0033531731669071596,0.0033531731669071596,0.0023033256253930205,0.0023033256253930205,1.4472183447790812,1.4472183447790812
254.34,0.003304191562867516,0.003304191562867516,0.002413701635308747,0.002413701635308747,1.3882186180992857,1.3882186180992857
256.58,0.0032495917274677462,0.0032495917274677462,0.0025163535618798623,0.0025163535618798623,1.3453295546380433,1.3453295546380433
258.81,0.003299446303369251,0.003299446303369251,0.002173595981864088,0.002173595981864088,1.3888691029929165,1.3888691029929165
261.03,0.003236509588175573,0.003236509588175573,0.002260994868088127,0.002260994868088127,1.3540649191516951,1.3540649191516951
263.23,0.0032343398082891298,0.0032343398082891298,0.0021038014933637108,0.0021038014933637108,1.3813405619180184,1.3813405619180184
265.43,0.0033464945376012983,0.0033464945376012983,0.001536627040840264,0.001536627040840264,1.4642195713875852,1.4642195713875852
267.62,0.003280402410537168,0.003280402410537168,0.0017232957256978635,0.0017232957256978635,1.404779203312115,1.404779203312115
269.8,0.0032824425483682146,0.0032824425483682146,0.0015789681144164772,0.0015789681144164772,1.4138589011381149,1.4138589011381149
271.97,0.0032664264619158426,0.0032664264619158426,0.0015122166380825764,0.0015122166380825764,1.4194769665730147,1.4194769665730147
274.13,0.0032132716163994312,0.0032132716163994312,0.0016135837485218817,0.0016135837485218817,1.37923946256414,1.37923946256414
276.28,0.0032110018338407558,0.0032110018338407558,0.0015660291106248316,0.0015660291106248316,1.3619892023576028,1.3619892023576028
278.42,0.0032619125380393466,0.0032619125380393466,0.0011824950300843625,0.0011824950300843625,1.4348426157056424,1.4348426157056424
280.56,0.003196715319334415,0.003196715319334415,0.0013621738657036769,0.0013621738657036769,1.3766930233604064,1.3766930233604064
282.69,0.0031995087861607465,0.0031995087861607465,0.0012484157992003729,0.0012484157992003729,1.3937172014611006,1.3937172014611006
284.81,0.0031959434211102484,0.0031959434211102484,0.0011081888352631173,0.0011081888352631173,1.4173044206375487,1.4173044206375487
286.93,0.003193036195373494,0.003193036195373494,0.0010653451784620007,0.0010653451784620007,1.400444128218418,1.400444128218418
289.04,0.0031954605252249137,0.0031954605252249137,0.0009551212945199129,0.0009551212945199129,1.4166032857235007,1.4166032857235007
291.14,0.0031792898947230245,0.0031792898947230245,0.0008952840605650703,0.0008952840605650703,1.4213118061931584,1.4213118061931584
293.24,0.0031714048405964493,0.0031714048405964493,0.0008486434909745127,0.0008486434909745127,1.4196057434149827,1.4196057434149827
295.33,0.003125550189107514,0.003125550189107514,0.0009735719474566955,0.0009735719474566955,1.3744376708261625,1.3744376708261625
297.42,0.003127905041627651,0.003127905041627651,0.0008662802240734317,0.0008662802240734317,1.390452750328075,1.390452750328075
299.5,0.00311171736440092,0.00311171736440092,0.0008082068583103297,0.0008082068583103297,1.3950726230186747,1.3950726230186747
301.57,0.0030610638440594674,0.0030610638440594674,0.000925264071161489,0.000925264071161489,1.3651615004371063,1.3651615004371063
303.64,0.0031059483371773987,0.0031059483371773987,0.0006585388528532934,0.0006585388528532934,1.4086235990744036,1.4086235990744036
305.71,0.003155149460904836,0.003155149460904836,0.00032862752679667227,0.00032862752679667227,1.4807478524693494,1.4807478524693494
307.77,0.00310559142522557,0.00310559142522557,0.00044589590578253586,0.00044589590578253586,1.452563617599157,1.452563617599157
309.82,0.0031075979749163366,0.0031075979749163366,0.00034398757917202585,0.00034398757917202585,1.4667538975294268,1.4667538975294268
311.87,0.0030873179255098224,0.0030873179255098224,0.0003749238521692782,0.0003749238521692782,1.4479010809304314,1.4479010809304314
313.91,0.003089199656423733,0.003089199656423733,0.00027459278719204944,0.00027459278719204944,1.4618945428337304,1.4618945428337304
315.95,0.003086771776696774,0.003086771776696774,0.0001681355175013385,0.0001681355175013385,1.4894311316980526,1.4894311316980526
317.99,0.0030253161775576007,0.0030253161775576007,0.0003539602951971038,0.0003539602951971038,1.4456242026585757,1.4456242026585757
320.02,0.003027441364228348,0.003027441364228348,0.0002546072822653215,0.0002546072822653215,1.4594478100761037,1.4594478100761037
322.04,0.003083948066364713,0.003083948066364713,-5.0724490297934784e-05,-5.0724490297934784e-05,1.5210239662981455,1.5210239662981455
324.06,0.0030231033777158504,0.0030231033777158504,0.00013359625616723726,0.00013359625616723726,1.478478967917721,1.478478967917721
326.08,0.003071531001867993,0.003071531001867993,-0.000180935863849312,-0.000180935863849312,1.5441397132343848,1.5441397132343848
328.09,0.002970404017153885,0.002970404017153885,0.0001512660493945768,0.0001512660493945768,1.478705326621436,1.478705326621436
330.09,0.0030273413565083548,0.0030273413565083548,-0.0001499417009717954,-0.0001499417009717954,1.5386738920338632,1.5386738920338632
332.09,0.0030133425268136656,0.0030133425268136656,-0.00018360909386390007,-0.00018360909386390007,1.5490248112783784,1.5490248112783784
334.09,0.0029522417682066723,0.0029522417682066723,-1.8205230493825733e-06,-1.8205230493825733e-06,1.5077099145768695,1.5077099145768695
336.08,0.002969419946005634,0.002969419946005634,-0.00015462409695591144,-0.00015462409695591144,1.5438220342399287,1.5438220342399287
338.06,0.002955497560747518,0.002955497560747518,-0.00018826869340170854,-0.00018826869340170854,1.5540345924404046,1.5540345924404046
340.04,0.0029415557102608915,0.0029415557102608915,-0.00022158618166652646,-0.00022158618166652646,1.5640783396487397,1.5640783396487397
342.01,0.0029118580388095014,0.0029118580388095014,-0.00016129406073072048,-0.00016129406073072048,1.5490938961397296,1.5490938961397296
343.97,0.002898016159883592,0.002898016159883592,-0.00019491263529964673,-0.00019491263529964673,1.5591674547194483,1.5591674547194483
345.93,0.002903472962591676,0.002903472962591676,-0.0002782047856494491,-0.0002782047856494491,1.579390640267419,1.579390640267419
347.88,0.002889719613247201,0.002889719613247201,-0.00031147700046236577,-0.00031147700046236577,1.5891413588283714,1.5891413588283714
349.83,0.0029083401462457956,0.0029083401462457956,-0.00046581047234597157,-0.00046581047234597157,1.6235518881734283,1.6235518881734283
351.77,0.0028947675831668485,0.0028947675831668485,-0.000498743516773677,-0.000498743516773677,1.6329057333115924,1.6329057333115924
353.7,0.0028492792028781766,0.0028492792028781766,-0.0003814179456230625,-0.0003814179456230625,1.6173789373443965,1.6173789373443965
355.62,0.0028357026256386913,0.0028357026256386913,-0.0004145996249128902,-0.0004145996249128902,1.6267458355829663,1.6267458355829663
357.53,0.002842079691316121,0.002842079691316121,-0.0004992964662459784,-0.0004992964662459784,1.6462749073205587,1.6462749073205587
359.44,0.0028485801266961894,0.0028485801266961894,-0.000584324808114091,-0.000584324808114091,1.665623991715072,1.665623991715072
361.34,0.0028318183789783477,0.0028318183789783477,-0.0006282805196017045,-0.0006282805196017045,1.687047973791995,1.687047973791995
363.23,0.002838673151920409,0.002838673151920409,-0.0007140543862986676,-0.0007140543862986676,1.7060273419714942,1.7060273419714942
365.1,0.0028456485378756794,0.0028456485378756794,-0.0008001575430749383,-0.0008001575430749383,1.724844870320713,1.724844870320713
366.97,0.0027415425320067616,0.0027415425320067616,-0.0005028192722634559,-0.0005028192722634559,1.6825417742629294,1.6825417742629294
368.83,0.0028365845104031243,0.0028365845104031243,-0.0009313597802932489,-0.0009313597802932489,1.7640106932927215,1.7640106932927215
370.68,0.0027922933038206574,0.0027922933038206574,-0.0008200056732793695,-0.0008200056732793695,1.7504724300587358,1.7504724300587358
372.51,0.0028000796454678,0.0028000796454678,-0.000907809079107264,-0.000907809079107264,1.7690387085130665,1.7690387085130665
374.34,0.0027987427452485537,0.0027987427452485537,-0.0010243093162696935,-0.0010243093162696935,1.8043260809834218,1.8043260809834218
376.15,0.0027547116982903257,0.0027547116982903257,-0.0009154534301189418,-0.0009154534301189418,1.7914418314302716,1.7914418314302716
377.95,0.002763308897659032,0.002763308897659032,-0.0010051487647067428,-0.0010051487647067428,1.8098495494052935,1.8098495494052935
379.73,0.0027692961515735186,0.0027692961515735186,-0.0011095977484921438,-0.0011095977484921438,1.8401682252962073,1.8401682252962073
381.51,0.0027101744116252292,0.0027101744116252292,-0.00092762767513762,-0.00092762767513762,1.8142263969252228,1.8142263969252228
383.26,0.0027696284640135525,0.0027696284640135525,-0.0012310956550489543,-0.0012310956550489543,1.8748611732220057,1.8748611732220057
385.01,0.00266650884891859,0.00266650884891859,-0.0009443296548537763,-0.0009443296548537763,1.8373778270943169,1.8373778270943169
386.73,0.0026765489424438703,0.0026765489424438703,-0.0010371342178613684,-0.0010371342178613684,1.8557504780255325,1.8557504780255325
388.44,0.0026841209763922027,0.0026841209763922027,-0.0011458621394216406,-0.0011458621394216406,1.8859969412951243,1.8859969412951243
390.14,0.0026237579546052174,0.0026237579546052174,-0.00096555716781897,-0.00096555716781897,1.8608820386352096,1.8608820386352096
391.82,0.0026863350472178162,0.0026863350472178162,-0.0012726137580689786,-0.0012726137580689786,1.9206027260442828,1.9206027260442828
393.47,0.002694663550344311,0.002694663550344311,-0.0013839348573962973,-0.0013839348573962973,1.9502693052092377,1.9502693052092377
395.11,0.0026347924035597346,0.0026347924035597346,-0.0012041472697912885,-0.0012041472697912885,1.926031754517187,1.926031754517187
396.73,0.0026978713655550525,0.0026978713655550525,-0.0015136856134594135,-0.0015136856134594135,1.9842010080902095,1.9842010080902095
398.34,0.002618706761479191,0.002618706761479191,-0.0012974079086545882,-0.0012974079086545882,1.9604719694234591,1.9604719694234591
399.92,0.002611046708389889,0.002611046708389889,-0.0013326886309821015,-0.0013326886309821015,1.976968207224057,1.976968207224057
