energy_mevu,depth_mm,x_fwhm_mm,y_fwhm_mm,sigma_x_mm,sigma_y_mm,sigma_fit_mm,reference_sigma_fit_mm,reference_sigma_mm,raw_to_reference_sigma_fit_delta_mm
120.26,-300.0,18.51,18.6,7.860473261768927,7.898692742782391,7.879583002275659,7.88,7.39,-0.0004169977243408951
120.26,-150.0,16.38,16.51,6.955945544450298,7.011151461469746,6.983548502960022,6.98,6.64,0.0035485029600215157
120.26,0.0,14.2,14.6,6.03018478212419,6.200049142184026,6.115116962154108,6.12,5.86,-0.004883037845892169
120.26,150.0,12.27,12.45,5.21058924483548,5.287028206862406,5.248808725848942,5.25,5.03,-0.0011912741510577973
120.26,300.0,10.61,10.87,4.505652150587159,4.616063984626052,4.560858067606606,4.56,4.14,0.0008580676066065607
123.91,-300.0,17.57,17.74,7.461292015628311,7.533484368653741,7.497388192141026,7.5,7.25,-0.002611807858974302
123.91,-150.0,15.54,15.55,6.599230388324641,6.603476997326138,6.6013536928253895,6.6,6.52,0.001353692825389885
123.91,0.0,13.4,13.6,5.690456062004517,5.775388242034436,5.732922152019476,5.73,5.76,0.0029221520194759876
123.91,150.0,11.6,11.58,4.926066441735254,4.917573223732262,4.921819832733759,4.92,4.96,0.0018198327337586306
123.91,300.0,9.62,9.37,4.085237859439064,3.9790726344016663,4.032155246920365,4.03,4.09,0.0021552469203651725
127.51,-300.0,17.32,17.12,7.355126790590914,7.270194610560996,7.312660700575955,7.31,7.13,0.0026607005759551328
127.51,-150.0,15.09,15.1,6.408132983257326,6.412379592258822,6.410256287758074,6.41,6.41,0.0002562877580736256
127.51,0.0,13.2,13.2,5.605523881974599,5.605523881974599,5.605523881974599,5.61,5.66,-0.004476118025401377
127.51,150.0,11.08,11.18,4.705242773657467,4.747708863672425,4.726475818664946,4.73,4.88,-0.003524181335054166
127.51,300.0,9.31,9.2,3.953592980392691,3.9068802813762358,3.9302366308844636,3.93,4.04,0.00023663088446346237
131.05,-300.0,16.59,16.79,7.045124333481712,7.13005651351163,7.087590423496671,7.09,7.0,-0.0024095765033287364
131.05,-150.0,14.72,14.74,6.251008450201978,6.25950166820497,6.255255059203474,6.26,6.3,-0.004744940796525654
131.05,0.0,12.9,13.0,5.478125611929722,5.5205917019446815,5.499358656937202,5.5,5.57,-0.0006413430627976169
131.05,150.0,10.94,10.94,4.645790247636524,4.645790247636524,4.645790247636524,4.65,4.81,-0.00420975236347676
131.05,300.0,9.22,8.98,3.915373499379228,3.813454883343326,3.864414191361277,3.86,3.99,0.004414191361277187
134.55,-300.0,16.38,16.23,6.955945544450298,6.89224640942786,6.924095976939078,6.92,6.88,0.004095976939078483
134.55,-150.0,14.51,14.52,6.161829661170564,6.166076270172059,6.163952965671312,6.16,6.19,0.003952965671311759
134.55,0.0,12.7,12.7,5.393193431899804,5.393193431899804,5.393193431899804,5.39,5.48,0.0031934318998043665
134.55,150.0,10.82,10.72,4.594830939618573,4.552364849603614,4.573597894611094,4.57,4.73,0.0035978946110937216
134.55,300.0,9.19,8.8,3.9026336723747397,3.7370159213164,3.8198247968455696,3.82,3.93,-0.0001752031544302035
138.0,-300.0,15.79,16.05,6.70539561336204,6.815807447400934,6.760601530381487,6.76,6.77,0.0006015303814868034
138.0,-150.0,14.15,14.39,6.0089517371167105,6.110870353152613,6.059911045134662,6.06,6.09,-8.895486533777586e-05
138.0,0.0,12.4,12.6,5.265795161854927,5.350727341884845,5.308261251869886,5.31,5.39,-0.0017387481301138763
138.0,150.0,10.66,10.68,4.526885195594638,4.5353784135976305,4.531131804596134,4.53,4.66,0.001131804596133712
138.0,300.0,9.04,8.8,3.838934537352301,3.7370159213164,3.7879752293343505,3.79,3.88,-0.0020247706656495446
141.4,-300.0,15.65,15.61,6.645943087341097,6.6289566513351135,6.637449869338106,6.64,6.65,-0.0025501306618940234
141.4,-150.0,14.1,13.82,5.987718692109231,5.868813640067346,5.928266166088289,5.93,5.99,-0.0017338339117110024
141.4,0.0,12.5,12.2,5.308261251869886,5.180862981825008,5.244562116847447,5.24,5.3,0.0045621168474472285
141.4,150.0,11.11,10.37,4.717982600661954,4.4037335345512565,4.560858067606605,4.56,4.59,0.0008580676066056725
141.4,300.0,9.8,8.5,4.161676821465991,3.609617651271522,3.8856472363687566,3.9,3.83,-0.01435276363124327
144.75,-300.0,15.47,15.29,6.569504125314171,6.493065163287244,6.531284644300707,6.53,6.55,0.0012846443007070718
144.75,-150.0,13.74,13.69,5.834840768055378,5.813607723047899,5.824224245551639,5.82,5.89,0.0042242455516383615
144.75,0.0,12.2,12.0,5.180862981825008,5.09593080179509,5.138396891810049,5.14,5.22,-0.001603108189950575
144.75,150.0,10.71,10.31,4.548118240602118,4.378253880542282,4.4631860605722,4.46,4.52,0.0031860605722000557
144.75,300.0,9.4,8.5,3.991812461406154,3.609617651271522,3.800715056338838,3.81,3.78,-0.00928494366116217
148.06,-300.0,14.88,15.08,6.318954194225912,6.40388637425583,6.361420284240872,6.36,6.44,0.0014202842408712613
148.06,-150.0,13.5,13.51,5.732922152019476,5.737168761020972,5.735045456520224,5.74,5.8,-0.004954543479776419
148.06,0.0,11.8,11.7,5.0109986217651725,4.9685325317502125,4.9897655767576925,4.99,5.14,-0.00023442324230771305
148.06,150.0,10.34,10.09,4.3909937075467695,4.284828482509372,4.337911095028071,4.34,4.45,-0.00208890497192904
148.06,300.0,8.74,8.2,3.7115362673074244,3.4822193812266446,3.5968778242670343,3.6,3.72,-0.003122175732965804
151.32,-300.0,14.64,14.85,6.217035578190011,6.306214367221424,6.261624972705717,6.26,6.34,0.0016249727057173757
151.32,-150.0,12.96,13.26,5.503605265938698,5.631003535983575,5.567304400961136,5.57,5.71,-0.0026955990388639606
151.32,0.0,11.37,11.5,4.828394434700848,4.883600351720295,4.855997393210572,4.86,5.06,-0.00400260678942832
151.32,150.0,9.9,9.75,4.204142911480949,4.140443776458511,4.172293343969731,4.17,4.38,0.002293343969730799
151.32,300.0,8.4,7.98,3.5671515612565634,3.388793983193735,3.477972772225149,3.48,3.67,-0.0020272277748509815
154.54,-300.0,14.58,14.4,6.191555924181035,6.115116962154109,6.1533364431675714,6.15,6.25,0.0033364431675710904
154.54,-150.0,12.92,12.88,5.486618829932714,5.469632393926731,5.478125611929722,5.48,5.62,-0.0018743880702780658
154.54,0.0,11.35,11.28,4.819901216697856,4.7901749536873846,4.805038085192621,4.81,4.98,-0.004961914807378953
154.54,150.0,10.09,9.69,4.284828482509372,4.1149641224495355,4.199896302479454,4.2,4.32,-0.00010369752054639747
154.54,300.0,8.63,7.99,3.6648235682909696,3.393040592195231,3.5289320802431003,3.53,3.62,-0.0010679197568994603
157.72,-300.0,14.42,14.29,6.1236101801571,6.068404263137653,6.096007221647376,6.1,6.15,-0.003992778352623461
157.72,-150.0,12.77,12.81,5.422919694910275,5.439906130916259,5.431412912913267,5.43,5.54,0.0014129129132669505
157.72,0.0,11.17,11.19,4.74346225467093,4.751955472673922,4.747708863672425,4.75,4.91,-0.0022911363275746055
157.72,150.0,9.66,9.58,4.102224295445048,4.068251423433081,4.085237859439064,4.09,4.26,-0.004762140560935713
157.72,300.0,8.41,7.94,3.571398170258059,3.3718075471877516,3.471602858722905,3.47,3.57,0.0016028587229048874
160.86,-300.0,13.86,14.12,5.885800076073329,5.996211910112223,5.941005993092776,5.94,6.06,0.0010059930927752703
160.86,-150.0,12.6,12.7,5.350727341884845,5.393193431899804,5.371960386892324,5.37,5.46,0.0019603868923239176
160.86,0.0,10.96,11.06,4.654283465639516,4.696749555654475,4.675516510646995,4.68,4.83,-0.004483489353004799
160.86,150.0,9.65,9.49,4.097977686443552,4.030031942419617,4.064004814431584,4.06,4.19,0.0040048144315845136
160.86,300.0,8.17,7.83,3.4694795542221573,3.3250948481712963,3.397287201196727,3.4,3.52,-0.002712798803273131
163.95,-300.0,13.78,14.11,5.851827204061362,5.991965301110727,5.921896252586045,5.92,5.98,0.0018962525860448665
163.95,-150.0,12.4,12.66,5.265795161854927,5.376206995893821,5.321001078874374,5.32,5.38,0.0010010788743732846
163.95,0.0,11.04,10.95,4.688256337651483,4.650036856638019,4.669146597144751,4.67,4.76,-0.0008534028552489303
163.95,150.0,9.37,9.56,3.9790726344016663,4.0597582054300885,4.019415419915878,4.02,4.13,-0.0005845800841219884
163.95,300.0,7.98,7.99,3.388793983193735,3.393040592195231,3.3909172876944833,3.39,3.47,0.000917287694483182
167.01,-300.0,13.64,13.97,5.79237467804042,5.932512775089784,5.862443726565102,5.86,5.89,0.0024437265651018336
167.01,-150.0,12.42,12.54,5.274288379857919,5.325247687875869,5.2997680338668935,5.3,5.3,-0.00023196613310627612
167.01,0.0,10.65,10.86,4.522638586593143,4.611817375624557,4.56722798110885,4.57,4.7,-0.0027720188911501964
167.01,150.0,9.88,9.52,4.195649693477958,4.042771769424105,4.119210731451032,4.12,4.07,-0.0007892685489681028
167.01,300.0,9.04,7.95,3.838934537352301,3.376054156189247,3.607494346770774,3.61,3.43,-0.0025056532292260236
170.03,-300.0,13.46,13.86,5.715935716013493,5.885800076073329,5.80086789604341,5.8,5.81,0.0008678960434105321
170.03,-150.0,11.93,12.33,5.066204538784619,5.236068898844455,5.151136718814537,5.15,5.23,0.0011367188145365859
170.03,0.0,10.72,10.9,4.552364849603614,4.62880381163054,4.590584330617077,4.59,4.63,0.0005843306170767448
170.03,150.0,9.51,9.43,4.038525160422609,4.0045522884106415,4.021538724416626,4.02,4.02,0.0015387244166262803
170.03,300.0,8.45,7.91,3.5883846062640425,3.3590677201832637,3.4737261632236534,3.48,3.38,-0.006273836776346631
173.01,-300.0,13.18,13.58,5.597030663971608,5.766895024031444,5.681962844001526,5.68,5.73,0.0019628440015262427
173.01,-150.0,11.94,12.21,5.070451147786114,5.185109590826505,5.1277803693063095,5.13,5.15,-0.0022196306936903554
173.01,0.0,10.73,10.76,4.5566114586051105,4.5693512856095975,4.5629813721073536,4.56,4.56,0.002981372107353941
173.01,150.0,9.69,9.36,4.1149641224495355,3.97482602540017,4.044895073924852,4.05,3.96,-0.0051049260751474534
173.01,300.0,8.56,7.84,3.635097305280498,3.3293414571727924,3.482219381226645,3.49,3.33,-0.007780618773355119
175.96,-300.0,12.87,13.13,5.465385784925234,5.5757976189641285,5.5205917019446815,5.52,5.66,0.0005917019446819438
175.96,-150.0,11.52,11.74,4.892093569723286,4.985518967756197,4.938806268739741,4.94,5.08,-0.0011937312602592343
175.96,0.0,10.05,10.22,4.267842046503389,4.340034399528819,4.303938223016104,4.3,4.5,0.0039382230161040255
175.96,150.0,8.68,8.74,3.6860566132984487,3.7115362673074244,3.6987964403029365,3.7,3.9,-0.0012035596970636497
175.96,300.0,7.5,7.26,3.1849567511219314,3.0830381350860296,3.1339974431039805,3.13,3.29,0.003997443103980647
178.87,-300.0,12.74,13.04,5.4101798679057875,5.537578137950664,5.473879002928226,5.47,5.58,0.003879002928226072
178.87,-150.0,11.49,11.58,4.879353742718799,4.917573223732262,4.89846348322553,4.9,5.02,-0.001536516774470087
178.87,0.0,10.25,10.14,4.352774226533306,4.306061527516851,4.329417877025079,4.33,4.44,-0.0005821229749214396
178.87,150.0,9.36,8.69,3.97482602540017,3.6903032222999443,3.8325646238500575,3.84,3.85,-0.007435376149942385
178.87,300.0,8.25,7.18,3.5034524262341247,3.0490652630740622,3.2762588446540937,3.28,3.24,-0.003741155345906133
181.75,-300.0,12.6,12.85,5.350727341884845,5.456892566922242,5.403809954403544,5.4,5.51,0.0038099544035432586
181.75,-150.0,11.35,11.63,4.819901216697856,4.938806268739742,4.8793537427187985,4.88,4.95,-0.0006462572812013789
181.75,0.0,10.07,10.21,4.27633526450638,4.335787790527323,4.306061527516851,4.31,4.38,-0.003938472483148381
181.75,150.0,8.76,8.71,3.7200294853104157,3.698796440302937,3.7094129628066765,3.71,3.8,-0.0005870371933234253
181.75,300.0,7.77,7.23,3.2996151941623206,3.0702983080815422,3.1849567511219314,3.19,3.2,-0.005043248878068507
184.59,-300.0,12.55,12.77,5.329494296877366,5.422919694910275,5.376206995893821,5.38,5.45,-0.003793004106179332
184.59,-150.0,11.19,11.34,4.751955472673922,4.81565460769636,4.7838050401851415,4.78,4.89,0.003805040185141273
184.59,0.0,10.04,9.99,4.263595437501892,4.242362392494413,4.2529789149981525,4.25,4.32,0.0029789149981525043
184.59,150.0,8.95,8.61,3.800715056338838,3.656330350287977,3.7285227033134074,3.73,3.75,-0.0014772966865925774
184.59,300.0,8.29,7.19,3.5204388622401077,3.0533118720755583,3.2868753671578332,3.3,3.16,-0.013124632842166584
187.41,-300.0,12.84,12.67,5.452645957920747,5.380453604895316,5.4165497814080314,5.42,5.38,-0.003450218591968479
187.41,-150.0,11.36,11.25,4.8241478256993515,4.777435126682898,4.800791476191124,4.8,4.83,0.0007914761911242962
187.41,0.0,9.88,9.94,4.195649693477958,4.221129347486933,4.208389520482445,4.21,4.27,-0.0016104795175548858
187.41,150.0,8.67,8.68,3.6818100042969526,3.6860566132984487,3.683933308797701,3.68,3.7,0.0039333087977007075
187.41,300.0,7.28,7.36,3.0915313530890214,3.125504225100989,3.1085177890950053,3.11,3.12,-0.001482210904994563
190.19,-300.0,12.6,12.43,5.350727341884845,5.278534988859414,5.31463116537213,5.31,5.31,0.004631165372130042
190.19,-150.0,11.06,11.04,4.696749555654475,4.688256337651483,4.692502946652979,4.69,4.77,0.002502946652978899
190.19,0.0,9.49,9.67,4.030031942419617,4.106470904446543,4.068251423433081,4.07,4.21,-0.001748576566919624
190.19,150.0,8.22,8.38,3.4907125992296373,3.5586583432535717,3.5246854712416047,3.52,3.65,0.004685471241604677
190.19,300.0,6.79,7.01,2.883447512015722,2.9768729100486317,2.930160211032177,2.93,3.08,0.00016021103217678245
192.94,-300.0,12.55,12.26,5.329494296877366,5.206342635833984,5.267918466355675,5.27,5.25,-0.002081533644324729
192.94,-150.0,10.98,10.85,4.662776683642508,4.607570766623061,4.635173725132784,4.64,4.71,-0.004826274867215652
192.94,0.0,9.44,9.54,4.008798897412137,4.051264987427096,4.030031942419617,4.03,4.16,3.1942419616903805e-05
192.94,150.0,8.14,8.28,3.45673972721767,3.516192253238612,3.486465990228141,3.49,3.6,-0.0035340097718590258
192.94,300.0,6.64,6.85,2.8197483769932834,2.9089271660246974,2.8643377715089904,2.86,3.04,0.004337771508990507
195.66,-300.0,12.52,12.07,5.316754469872877,5.125657064805562,5.221205767339219,5.22,5.19,0.001205767339219399
195.66,-150.0,11.03,10.7,4.684009728649987,4.543871631600622,4.613940680125305,4.61,4.65,0.003940680125304574
195.66,0.0,9.48,9.33,4.0257853334181215,3.9620861983956828,3.993935765906902,3.99,4.11,0.0039357659069017
195.66,150.0,8.13,8.09,3.452493118216174,3.43550668221019,3.443999900213182,3.44,3.56,0.003999900213182084
195.66,300.0,6.67,6.7,2.832488203997771,2.8452280310022586,2.8388581175000147,2.84,3.0,-0.0011418824999851473
198.36,-300.0,12.44,12.05,5.28278159786091,5.11716384680257,5.19997272233174,5.2,5.13,-2.7277668260161647e-05
198.36,-150.0,10.84,10.71,4.603324157621564,4.548118240602118,4.575721199111841,4.58,4.6,-0.004278800888158685
198.36,0.0,9.26,9.31,3.9323599353852114,3.953592980392691,3.9429764578889515,3.94,4.06,0.0029764578889515114
198.36,150.0,7.84,8.05,3.3293414571727924,3.418520246204207,3.3739308516885,3.37,3.51,0.003930851688499715
198.36,300.0,6.5,6.72,2.7602958509723408,2.8537212490052504,2.8070085499887956,2.81,2.96,-0.0029914500112044884
201.03,-300.0,11.93,11.85,5.066204538784619,5.032231666772652,5.049218102778635,5.05,5.08,-0.0007818972213646802
201.03,-150.0,10.55,10.59,4.4801724965781835,4.497158932584167,4.488665714581176,4.49,4.54,-0.0013342854188245212
201.03,0.0,9.05,9.24,3.8431811463537975,3.9238667173822197,3.883523931868009,3.88,4.01,0.0035239318680089227
201.03,150.0,7.8,8.06,3.3123550211668085,3.4227668552057025,3.3675609381862555,3.37,3.47,-0.0024390618137446474
201.03,300.0,6.37,6.72,2.7050899339528938,2.8537212490052504,2.779405591479072,2.78,2.93,-0.0005944085209277361
203.67,-300.0,12.25,11.88,5.202096026832488,5.0449714937771395,5.123533760304814,5.12,5.02,0.0035337603048137822
203.67,-150.0,10.82,10.63,4.594830939618573,4.514145368590151,4.554488154104362,4.55,4.49,0.0044881541043624296
203.67,0.0,9.25,9.31,3.9281133263837154,3.953592980392691,3.940853153388203,3.94,3.96,0.0008531533882032427
203.67,150.0,8.05,8.23,3.418520246204207,3.494959208231133,3.45673972721767,3.46,3.43,-0.003260272782330098
203.67,300.0,6.61,6.96,2.8070085499887956,2.955639865041152,2.881324207514974,2.88,2.89,0.001324207514973974
206.28,-300.0,12.16,12.03,5.163876545819025,5.108670628799578,5.136273587309301,5.14,4.97,-0.0037264126906988437
206.28,-150.0,10.77,10.78,4.573597894611093,4.57784450361259,4.575721199111841,4.58,4.44,-0.004278800888158685
206.28,0.0,9.18,9.56,3.898387063373244,4.0597582054300885,3.9790726344016663,3.98,3.92,-0.0009273655983337292
206.28,150.0,7.88,8.43,3.346327893178776,3.579891388261051,3.4631096407199133,3.47,3.39,-0.006890359280086855
206.28,300.0,6.53,7.23,2.7730356779768286,3.0702983080815422,2.921666993029185,2.93,2.86,-0.00833300697081496
208.87,-300.0,12.31,11.67,5.227575680841464,4.9557927047457255,5.091684192793595,5.09,4.91,0.0016841927935953294
208.87,-150.0,10.97,10.46,4.658530074641012,4.441953015564721,4.550241545102867,4.55,4.39,0.00024154510286678033
208.87,0.0,9.39,9.14,3.9875658524046584,3.8814006273672605,3.9344832398859593,3.93,3.87,0.004483239885959112
208.87,150.0,8.07,8.05,3.4270134642071985,3.418520246204207,3.422766855205703,3.42,3.35,0.002766855205702967
208.87,300.0,6.63,6.91,2.8155017679917873,2.934406820033673,2.8749542940127304,2.88,2.82,-0.0050457059872695
211.44,-300.0,12.02,11.68,5.104424019798082,4.960039313747221,5.032231666772652,5.03,4.86,0.0022316667726514083
211.44,-150.0,10.79,10.49,4.582091112614085,4.454692842569208,4.518391977591646,4.52,4.34,-0.001608022408353449
211.44,0.0,9.12,9.16,3.8729074093642684,3.8898938453702523,3.8814006273672605,3.88,3.83,0.001400627367260654
211.44,150.0,7.82,8.03,3.3208482391698007,3.410027028201214,3.3654376336855076,3.37,3.31,-0.004562366314492472
211.44,300.0,6.39,6.91,2.7135831519558855,2.934406820033673,2.823994985994779,2.83,2.79,-0.006005014005221021
213.98,-300.0,11.9,11.6,5.053464711780132,4.926066441735254,4.9897655767576925,4.99,4.81,-0.00023442324230771305
213.98,-150.0,10.43,10.42,4.429213188560232,4.4249665795587365,4.427089884059484,4.43,4.3,-0.002910115940515823
213.98,0.0,9.01,9.18,3.8261947103478136,3.898387063373244,3.862290886860529,3.86,3.78,0.002290886860528918
213.98,150.0,7.59,8.04,3.2231762321353945,3.4142736372027103,3.3187249346690524,3.32,3.27,-0.0012750653309474558
213.98,300.0,6.2,6.92,2.6328975809274633,2.9386534290351687,2.785775504981316,2.79,2.76,-0.004224495018684049
216.5,-300.0,11.4,11.46,4.841134261705336,4.866613915714312,4.853874088709824,4.85,4.76,0.003874088709824086
216.5,-150.0,10.12,10.34,4.297568309513859,4.3909937075467695,4.344281008530315,4.34,4.25,0.004281008530314878
216.5,0.0,8.69,9.12,3.6903032222999443,3.8729074093642684,3.781605315832106,3.78,3.74,0.0016053158321063243
216.5,150.0,7.43,7.99,3.15523048811146,3.393040592195231,3.2741355401533454,3.28,3.23,-0.005864459846654402
216.5,300.0,6.07,6.9,2.5776916639080167,2.930160211032177,2.753925937470097,2.76,2.73,-0.006074062529902946
219.0,-300.0,10.78,11.43,4.57784450361259,4.853874088709824,4.715859296161207,4.72,4.72,-0.004140703838793058
219.0,-150.0,9.7,10.25,4.119210731451031,4.352774226533306,4.235992478992168,4.24,4.21,-0.004007521007832082
219.0,0.0,8.81,9.05,3.7412625303178957,3.8431811463537975,3.7922218383358466,3.79,3.7,0.0022218383358465488
219.0,150.0,8.03,7.96,3.410027028201214,3.3803007651907433,3.395163896695979,3.4,3.2,-0.0048361033040209556
219.0,300.0,7.26,6.75,3.0830381350860296,2.866461076009738,2.974749605547884,2.98,2.69,-0.005250394452116058
221.48,-300.0,10.69,11.33,4.539625022599126,4.811407998694865,4.675516510646995,4.68,4.67,-0.004483489353004799
221.48,-150.0,9.61,10.13,4.080991250437568,4.301814918515356,4.191403084476462,4.19,4.17,0.0014030844764612027
221.48,0.0,8.68,8.96,3.6860566132984487,3.8049616653403344,3.745509139319392,3.75,3.66,-0.004490860680608222
221.48,150.0,7.87,7.89,3.3420812841772802,3.350574502180272,3.346327893178776,3.35,3.16,-0.003672106821224208
221.48,300.0,7.36,6.74,3.125504225100989,2.8622144670082426,2.9938593460546157,3.0,2.66,-0.006140653945384322
223.94,-300.0,10.62,10.94,4.509898759588655,4.645790247636524,4.577844503612589,4.58,4.63,-0.0021554963874113042
223.94,-150.0,9.59,9.81,4.072498032434576,4.165923430467487,4.119210731451032,4.12,4.12,-0.0007892685489681028
223.94,0.0,8.6,8.53,3.6520837412864813,3.62235747827601,3.6372206097812456,3.64,3.62,-0.002779390218754507
223.94,150.0,7.88,7.46,3.346327893178776,3.167970315115948,3.257149104147362,3.26,3.13,-0.002850895852637869
223.94,300.0,7.52,6.24,3.193449969124923,2.649884016933447,2.921666993029185,2.93,2.64,-0.00833300697081496
226.37,-300.0,10.37,11.01,4.4037335345512565,4.675516510646995,4.539625022599125,4.54,4.58,-0.0003749774008747764
226.37,-150.0,9.32,9.94,3.957839589394187,4.221129347486933,4.08948446844056,4.09,4.08,-0.0005155315594400633
226.37,0.0,8.28,8.69,3.516192253238612,3.6903032222999443,3.603247737769278,3.6,3.59,0.003247737769278114
226.37,150.0,7.45,7.7,3.163723706114452,3.2698889311518498,3.216806318633151,3.22,3.09,-0.003193681366849166
226.37,300.0,6.87,6.56,2.917420384027689,2.785775504981316,2.8515979445045025,2.85,2.61,0.0015979445045024576
228.79,-300.0,11.16,10.86,4.739215645669434,4.611817375624557,4.675516510646995,4.68,4.54,-0.004483489353004799
228.79,-150.0,9.86,9.75,4.187156475474966,4.140443776458511,4.1638001259667385,4.16,4.04,0.003800125966738399
228.79,0.0,8.43,8.51,3.579891388261051,3.613864260273018,3.5968778242670343,3.6,3.55,-0.003122175732965804
228.79,150.0,7.25,7.54,3.0787915260845335,3.201943187127915,3.140367356606224,3.14,3.06,0.00036735660622388977
228.79,300.0,5.98,6.4,2.5394721828945537,2.7178297609573816,2.6286509719259676,2.63,2.58,-0.0013490280740322547
231.19,-300.0,10.69,10.6,4.539625022599126,4.501405541585663,4.520515282092394,4.52,4.5,0.0005152820923948198
231.19,-150.0,9.48,9.45,4.0257853334181215,4.013045506413634,4.019415419915878,4.02,4.01,-0.0005845800841219884
231.19,0.0,8.15,8.3,3.4609863362191655,3.5246854712416043,3.492835903730385,3.49,3.51,0.002835903730384892
231.19,150.0,6.91,7.23,2.934406820033673,3.0702983080815422,3.002352564057608,3.0,3.03,0.0023525640576078644
231.19,300.0,5.76,6.07,2.446046784861643,2.5776916639080167,2.5118692243848297,2.51,2.55,0.0018692243848299483
233.58,-300.0,10.51,10.4,4.4631860605722,4.416473361555745,4.439829711063973,4.44,4.46,-0.00017028893602777373
233.58,-150.0,9.3,9.19,3.9493463713911954,3.9026336723747397,3.9259900218829675,3.93,3.97,-0.004009978117032631
233.58,0.0,7.98,8.05,3.388793983193735,3.418520246204207,3.403657114698971,3.4,3.48,0.003657114698971231
233.58,150.0,6.75,7.02,2.866461076009738,2.981119519050128,2.923790297529933,2.92,3.0,0.0037902975299330954
233.58,300.0,5.62,5.78,2.3865942588407005,2.4545400028646354,2.420567130852668,2.42,2.52,0.0005671308526680185
235.94,-300.0,10.5,10.18,4.458939451570704,4.323047963522835,4.3909937075467695,4.39,4.42,0.000993707546769862
235.94,-150.0,9.22,9.02,3.915373499379228,3.830441319349309,3.8729074093642684,3.87,3.93,0.002907409364268254
235.94,0.0,7.86,7.92,3.337834675175784,3.36331432918476,3.350574502180272,3.35,3.45,0.0005745021802718853
235.94,150.0,6.66,6.79,2.828241594996275,2.883447512015722,2.8558445535059986,2.86,2.97,-0.004155446494001236
235.94,300.0,5.58,5.7,2.369607822834717,2.420567130852668,2.3950874768436927,2.4,2.5,-0.004912523156307191
238.29,-300.0,10.33,10.01,4.386747098545274,4.250855610497404,4.318801354521339,4.32,4.38,-0.00119864547866122
238.29,-150.0,9.08,8.9,3.855920973358285,3.7794820113313587,3.817701492344822,3.82,3.9,-0.002298507655178028
238.29,0.0,7.8,7.74,3.3123550211668085,3.2868753671578332,3.299615194162321,3.3,3.41,-0.00038480583767874776
238.29,150.0,6.56,6.66,2.785775504981316,2.828241594996275,2.8070085499887956,2.81,2.94,-0.0029914500112044884
238.29,300.0,5.44,5.49,2.3101552968137744,2.331388341821254,2.320771819317514,2.32,2.47,0.000771819317514133
240.63,-300.0,10.19,10.01,4.32729457252433,4.250855610497404,4.289075091510867,4.29,4.35,-0.0009249084891331805
240.63,-150.0,8.87,8.87,3.7667421843268705,3.7667421843268705,3.7667421843268705,3.77,3.86,-0.0032578156731295493
240.63,0.0,7.64,7.72,3.244409277142874,3.2783821491548415,3.2613957131488576,3.26,3.38,0.00139571314885778
240.63,150.0,6.54,6.67,2.7772822869783242,2.832488203997771,2.8048852454880473,2.81,2.91,-0.005114754511952757
240.63,300.0,5.39,5.54,2.288922251806295,2.3526213868287336,2.320771819317514,2.32,2.45,0.000771819317514133
242.95,-300.0,10.42,9.85,4.4249665795587365,4.182909866473469,4.303938223016103,4.31,4.31,-0.0060617769838966495
242.95,-150.0,9.22,8.75,3.915373499379228,3.71578287630892,3.815578187844074,3.82,3.83,-0.004421812155925853
242.95,0.0,7.83,7.62,3.3250948481712963,3.2359160591398823,3.2805054536555893,3.28,3.35,0.0005054536555895162
242.95,150.0,6.64,6.52,2.8197483769932834,2.768789068975332,2.7942687229843077,2.79,2.88,0.0042687229843076935
242.95,300.0,5.42,5.42,2.301662078810782,2.301662078810782,2.301662078810782,2.3,2.43,0.001662078810782397
245.25,-300.0,10.34,10.22,4.3909937075467695,4.340034399528819,4.365514053537794,4.37,4.27,-0.004485946462206236
245.25,-150.0,9.0,9.1,3.821948101346318,3.8644141913612766,3.843181146353797,3.84,3.79,0.003181146353797182
245.25,0.0,7.82,8.03,3.3208482391698007,3.410027028201214,3.3654376336855076,3.37,3.32,-0.004562366314492472
245.25,150.0,6.56,7.02,2.785775504981316,2.981119519050128,2.8834475120157217,2.89,2.85,-0.006552487984278432
245.25,300.0,5.4,5.9,2.293168860807791,2.5054993108825863,2.3993340858451884,2.4,2.4,-0.0006659141548115421
247.54,-300.0,10.01,10.14,4.250855610497404,4.306061527516851,4.278458569007128,4.28,4.24,-0.0015414309928720726
247.54,-150.0,8.81,9.04,3.7412625303178957,3.838934537352301,3.7900985338350983,3.79,3.76,9.853383509828006e-05
247.54,0.0,7.5,7.89,3.1849567511219314,3.350574502180272,3.2677656266511015,3.27,3.29,-0.002234373348898533
247.54,150.0,6.42,6.94,2.7263229789603733,2.947146647038161,2.836734812999267,2.84,2.83,-0.003265187000732972
247.54,300.0,5.32,5.83,2.2591959887958235,2.475773047872115,2.3674845183339692,2.37,2.38,-0.002515481666030883
249.82,-300.0,10.09,9.96,4.284828482509372,4.229622565489925,4.257225523999649,4.26,4.2,-0.002774476000350745
249.82,-150.0,8.98,8.88,3.813454883343326,3.770988793328367,3.7922218383358466,3.79,3.73,0.0022218383358465488
249.82,0.0,7.72,7.84,3.2783821491548415,3.3293414571727924,3.3038618031638167,3.3,3.26,0.0038618031638169015
249.82,150.0,6.48,6.87,2.751802632969349,2.917420384027689,2.834611508498519,2.84,2.8,-0.005388491501480797
249.82,300.0,5.3,5.7,2.2507027707928313,2.420567130852668,2.3356349508227496,2.34,2.36,-0.004365049177250224
252.09,-300.0,10.25,9.87,4.352774226533306,4.191403084476462,4.272088655504884,4.27,4.17,0.0020886555048846844
252.09,-150.0,8.97,8.81,3.8092082743418305,3.7412625303178957,3.775235402329863,3.78,3.7,-0.004764597670136705
252.09,0.0,7.62,7.68,3.2359160591398823,3.2613957131488576,3.2486558861443697,3.25,3.23,-0.001344113855630269
252.09,150.0,6.49,6.73,2.7560492419708447,2.8579678580067465,2.8070085499887956,2.81,2.77,-0.0029914500112044884
252.09,300.0,5.27,5.67,2.2379629437883435,2.40782730384818,2.322895123818262,2.32,2.34,0.0028951238182619576
254.34,-300.0,10.0,9.7,4.246609001495909,4.119210731451031,4.182909866473469,4.18,4.14,0.002909866473469691
254.34,-150.0,8.84,8.71,3.754002357322383,3.698796440302937,3.72639939881266,3.73,3.67,-0.003600601187339958
254.34,0.0,7.59,7.54,3.2231762321353945,3.201943187127915,3.2125597096316545,3.21,3.2,0.0025597096316545276
254.34,150.0,6.44,6.59,2.7348161969633655,2.798515331985804,2.7666657644745847,2.77,2.75,-0.003334235525415341
254.34,300.0,5.22,5.52,2.2167298987808643,2.3441281688257414,2.280429033803303,2.28,2.31,0.00042903380330328034
256.58,-300.0,9.82,9.64,4.1701700394689825,4.093731077442056,4.13195055845552,4.13,4.11,0.0019505584555199462
256.58,-150.0,8.61,8.6,3.656330350287977,3.6520837412864813,3.654207045787229,3.65,3.64,0.004207045787229191
256.58,0.0,7.36,7.51,3.125504225100989,3.189203360123427,3.157353792612208,3.16,3.18,-0.0026462073877921988
256.58,150.0,6.2,6.59,2.6328975809274633,2.798515331985804,2.7157064564566333,2.72,2.73,-0.004293543543366862
256.58,300.0,5.04,5.42,2.140290936753938,2.301662078810782,2.22097650778236,2.22,2.29,0.0009765077823598034
258.81,-300.0,9.75,9.61,4.140443776458511,4.080991250437568,4.110717513448039,4.11,4.08,0.0007175134480386092
258.81,-150.0,8.6,8.58,3.6520837412864813,3.6435905232834895,3.6478371322849856,3.65,3.61,-0.0021628677150142828
258.81,0.0,7.32,7.5,3.1085177890950053,3.1849567511219314,3.1467372701084684,3.15,3.15,-0.003262729891531535
258.81,150.0,6.22,6.58,2.641390798930455,2.7942687229843077,2.7178297609573816,2.72,2.7,-0.0021702390426185936
258.81,300.0,5.02,5.53,2.131797718750946,2.3483747778272375,2.2400862482890918,2.24,2.27,8.624828909153948e-05
261.03,-300.0,10.17,9.59,4.318801354521339,4.072498032434576,4.195649693477957,4.2,4.04,-0.004350306522042935
261.03,-150.0,8.88,8.63,3.770988793328367,3.6648235682909696,3.7179061808096683,3.72,3.58,-0.0020938191903319137
261.03,0.0,7.51,7.47,3.189203360123427,3.1722169241174436,3.1807101421204353,3.18,3.12,0.0007101421204351865
261.03,150.0,6.39,6.54,2.7135831519558855,2.7772822869783242,2.7454327194671047,2.75,2.68,-0.004567280532895346
261.03,300.0,5.2,5.51,2.2082366807778726,2.3398815598242457,2.274059120301059,2.28,2.25,-0.005940879698940638
263.23,-300.0,9.81,9.44,4.165923430467487,4.008798897412137,4.087361163939812,4.09,4.01,-0.002638836060187444
263.23,-150.0,8.62,8.39,3.660576959289473,3.5629049522550678,3.6117409557722704,3.61,3.55,0.0017409557722705138
263.23,0.0,7.33,7.34,3.112764398096501,3.117011007097997,3.1148877025972492,3.11,3.1,0.004887702597249355
263.23,150.0,6.19,6.39,2.6286509719259676,2.7135831519558855,2.671117061940927,2.67,2.66,0.0011170619409268667
263.23,300.0,5.02,5.39,2.131797718750946,2.288922251806295,2.2103599852786204,2.21,2.24,0.00035998527862046714
265.43,-300.0,9.56,9.32,4.0597582054300885,3.957839589394187,4.008798897412138,4.01,3.99,-0.0012011025878617687
265.43,-150.0,8.3,8.23,3.5246854712416043,3.494959208231133,3.5098223397363686,3.51,3.52,-0.00017766026363119636
265.43,0.0,7.09,7.23,3.010845782060599,3.0702983080815422,3.0405720450710705,3.04,3.07,0.0005720450710704483
265.43,150.0,5.99,6.32,2.5437187918960493,2.683856888945414,2.6137878404207315,2.61,2.63,0.0037878404207316585
265.43,300.0,4.99,5.27,2.1190578917464586,2.2379629437883435,2.1785104177674013,2.18,2.22,-0.001489582232598874
267.62,-300.0,9.58,9.35,4.068251423433081,3.9705794163986745,4.019415419915878,4.02,3.96,-0.0005845800841219884
267.62,-150.0,8.39,8.35,3.5629049522550678,3.5459185162490834,3.5544117342520756,3.55,3.5,0.00441173425207575
267.62,0.0,7.11,7.24,3.0193390000635913,3.074544917083038,3.0469419585733144,3.05,3.05,-0.0030580414266854206
267.62,150.0,6.03,6.37,2.560705227902033,2.7050899339528938,2.6328975809274633,2.63,2.61,0.0028975809274633946
267.62,300.0,4.97,5.31,2.1105646737434665,2.2549493797943274,2.182757026768897,2.18,2.2,0.0027570267688967753
269.8,-300.0,9.54,9.19,4.051264987427096,3.9026336723747397,3.976949329900918,3.98,3.93,-0.003050670099081998
269.8,-150.0,8.32,8.19,3.533178689244596,3.477972772225149,3.5055757307348725,3.51,3.47,-0.00442426926512729
269.8,0.0,7.03,7.15,2.985366128051624,3.036325436069575,3.010845782060599,3.01,3.02,0.000845782060599376
269.8,150.0,6.01,6.24,2.552212009899041,2.649884016933447,2.601048013416244,2.6,2.59,0.0010480134162440535
269.8,300.0,4.93,5.23,2.093578237737483,2.2209765077823604,2.1572773727599217,2.16,2.18,-0.0027226272400784346
271.97,-300.0,9.43,9.11,4.0045522884106415,3.8686608003627727,3.936606544386707,3.94,3.9,-0.0033934556132928506
271.97,-150.0,8.27,8.11,3.5119456442371164,3.4439999002131816,3.477972772225149,3.48,3.45,-0.0020272277748509815
271.97,0.0,6.99,7.02,2.96837969204564,2.981119519050128,2.974749605547884,2.97,3.0,0.0047496055478837285
271.97,150.0,5.87,6.18,2.4927594838780984,2.6244043629244715,2.558581923401285,2.56,2.57,-0.0014180765987150679
271.97,300.0,4.94,5.14,2.097824846738979,2.182757026768897,2.140290936753938,2.14,2.17,0.00029093675393765395
274.13,-300.0,9.32,8.94,3.957839589394187,3.7964684473373422,3.877154018365765,3.88,3.87,-0.0028459816342349953
274.13,-150.0,8.16,7.91,3.4652329452206616,3.3590677201832637,3.4121503327019624,3.41,3.42,0.0021503327019622986
274.13,0.0,6.91,6.88,2.934406820033673,2.921666993029185,2.928036906531429,2.93,2.98,-0.001963093468571042
274.13,150.0,5.87,6.02,2.4927594838780984,2.5564586189005367,2.5246090513893176,2.52,2.55,0.004609051389317553
274.13,300.0,4.98,5.02,2.1148112827449626,2.131797718750946,2.1233045007479543,2.12,2.15,0.0033045007479541866
276.28,-300.0,9.27,8.77,3.936606544386707,3.7242760943119118,3.830441319349309,3.83,3.85,0.00044131934930913275
276.28,-150.0,8.1,7.8,3.439753291211686,3.3123550211668085,3.376054156189247,3.38,3.4,-0.003945843810752692
276.28,0.0,6.93,6.81,2.9429000380366643,2.8919407300187134,2.9174203840276887,2.92,2.96,-0.0025796159723112666
276.28,150.0,5.84,5.92,2.4800196568736106,2.513992528885578,2.4970060928795945,2.5,2.53,-0.0029939071204054812
276.28,300.0,4.93,4.91,2.093578237737483,2.0850850197344912,2.0893316287359873,2.09,2.13,-0.000668371264012535
278.42,-300.0,9.28,8.64,3.9408531533882027,3.669070177292465,3.804961665340334,3.81,3.82,-0.005038334659666077
278.42,-150.0,8.16,7.74,3.4652329452206616,3.2868753671578332,3.376054156189247,3.38,3.37,-0.003945843810752692
278.42,0.0,6.92,6.7,2.9386534290351687,2.8452280310022586,2.891940730018714,2.89,2.93,0.0019407300187137544
278.42,150.0,5.83,5.81,2.475773047872115,2.4672798298691228,2.471526438870619,2.47,2.51,0.0015264388706186516
278.42,300.0,4.91,4.79,2.0850850197344912,2.0341257117165403,2.059605365725516,2.06,2.12,-0.0003946342744840514
280.56,-300.0,9.18,8.55,3.898387063373244,3.630850696279002,3.764618879826123,3.77,3.79,-0.00538112017387693
280.56,-150.0,8.0,7.65,3.397287201196727,3.24865588614437,3.3229715436705485,3.32,3.35,0.0029715436705486376
280.56,0.0,6.77,6.62,2.87495429401273,2.8112551589902917,2.843104726501511,2.84,2.91,0.003104726501510946
280.56,150.0,5.79,5.77,2.458786611866131,2.4502933938631393,2.4545400028646354,2.45,2.49,0.004540002864635184
280.56,300.0,4.9,4.74,2.0808384107329956,2.0128926667090608,2.046865538721028,2.05,2.1,-0.0031344612789716564
282.69,-300.0,9.12,8.59,3.8729074093642684,3.6478371322849856,3.760372270824627,3.76,3.77,0.00037227082462720773
282.69,-150.0,7.98,7.5,3.388793983193735,3.1849567511219314,3.2868753671578332,3.29,3.33,-0.003124632842166797
282.69,0.0,6.7,6.55,2.8452280310022586,2.78152889597982,2.8133784634910395,2.81,2.89,0.0033784634910394296
282.69,150.0,5.79,5.66,2.458786611866131,2.4035806948466845,2.431183653356408,2.43,2.48,0.001183653356407799
282.69,300.0,4.78,4.68,2.0298791027150442,1.987413012700085,2.0086460577075647,2.01,2.09,-0.0013539422924351285
284.81,-300.0,9.19,8.4,3.9026336723747397,3.5671515612565634,3.7348926168156513,3.74,3.74,-0.00510738318434889
284.81,-150.0,8.03,7.48,3.410027028201214,3.1764635331189397,3.293245280660077,3.3,3.3,-0.006754719339922666
284.81,0.0,6.87,6.51,2.917420384027689,2.7645424599738364,2.8409814220007625,2.84,2.87,0.0009814220007626773
284.81,150.0,5.79,5.6,2.458786611866131,2.378101040837709,2.41844382635192,2.42,2.46,-0.001556173648079806
284.81,300.0,4.9,4.72,2.0808384107329956,2.0043994487060686,2.042618929719532,2.04,2.08,0.002618929719532037
286.93,-300.0,9.17,8.4,3.8941404543717484,3.5671515612565634,3.7306460078141557,3.73,3.72,0.0006460078141556913
286.93,-150.0,8.08,7.51,3.431260073208694,3.189203360123427,3.3102317166660606,3.31,3.28,0.0002317166660605885
286.93,0.0,6.79,6.45,2.883447512015722,2.739062805964861,2.8112551589902917,2.81,2.85,0.001255158990291605
286.93,150.0,5.78,5.66,2.4545400028646354,2.4035806948466845,2.4290603488556597,2.43,2.44,-0.0009396511443404698
286.93,300.0,4.75,4.66,2.0171392757105564,1.9789197946970936,1.998029535203825,2.0,2.06,-0.001970464796174909
289.04,-300.0,9.03,8.25,3.8346879283508053,3.5034524262341247,3.6690701772924648,3.67,3.7,-0.0009298227075351662
289.04,-150.0,7.96,7.33,3.3803007651907433,3.112764398096501,3.2465325816436224,3.25,3.26,-0.0034674183563776495
289.04,0.0,6.76,6.35,2.8707076850112343,2.696596715949902,2.783652200480568,2.79,2.83,-0.006347799519431874
289.04,150.0,5.69,5.53,2.4163205218511723,2.3483747778272375,2.382347649839205,2.38,2.43,0.0023476498392049905
289.04,300.0,4.79,4.66,2.0341257117165403,1.9789197946970936,2.006522753206817,2.01,2.05,-0.003477246793182953
291.14,-300.0,8.68,8.18,3.6860566132984487,3.473726163223653,3.579891388261051,3.58,3.67,-0.00010861173894927134
291.14,-150.0,7.61,7.24,3.2316694501383867,3.074544917083038,3.1531071836107123,3.15,3.24,0.003107183610712383
291.14,0.0,6.54,6.33,2.7772822869783242,2.6881034979469103,2.7326928924626173,2.73,2.81,0.00269289246261728
291.14,150.0,5.62,5.45,2.3865942588407005,2.31440190581527,2.3504980823279853,2.35,2.41,0.0004980823279852054
291.14,300.0,4.86,4.54,2.0638519747270117,1.9279604866791424,1.995906230703077,2.0,2.04,-0.0040937692969229555
293.24,-300.0,8.6,8.16,3.6520837412864813,3.4652329452206616,3.5586583432535717,3.56,3.65,-0.001341656746428388
293.24,-150.0,7.59,7.22,3.2231762321353945,3.0660516990800457,3.14461396560772,3.15,3.22,-0.005386034392279804
293.24,0.0,6.49,6.31,2.7560492419708447,2.679610279943918,2.7178297609573816,2.72,2.8,-0.0021702390426185936
293.24,150.0,5.6,5.44,2.378101040837709,2.3101552968137744,2.3441281688257414,2.34,2.39,0.004128168825741518
293.24,300.0,4.85,4.54,2.0596053657255156,1.9279604866791424,1.993782926202329,1.99,2.03,0.0037829262023290067
295.33,-300.0,8.41,8.15,3.571398170258059,3.4609863362191655,3.5161922532386125,3.52,3.63,-0.0038077467613875093
295.33,-150.0,7.41,7.27,3.1467372701084684,3.0872847440875253,3.1170110070979966,3.12,3.2,-0.0029889929020034955
295.33,0.0,6.45,6.31,2.739062805964861,2.679610279943918,2.7093365429543894,2.71,2.78,-0.0006634570456105493
295.33,150.0,5.63,5.5,2.3908408678421966,2.3356349508227496,2.363237909332473,2.36,2.38,0.0032379093324732544
295.33,300.0,5.0,4.54,2.1233045007479543,1.9279604866791424,2.025632493713548,2.03,2.01,-0.004367506286451661
297.42,-300.0,8.25,8.1,3.5034524262341247,3.439753291211686,3.471602858722905,3.47,3.61,0.0016028587229048874
297.42,-150.0,7.34,7.18,3.117011007097997,3.0490652630740622,3.0830381350860296,3.08,3.18,0.0030381350860295697
297.42,0.0,6.51,6.29,2.7645424599738364,2.6711170619409264,2.7178297609573816,2.72,2.76,-0.0021702390426185936
297.42,150.0,5.93,5.47,2.5182391378870737,2.322895123818262,2.4205671308526675,2.42,2.37,0.0005671308526675745
297.42,300.0,5.33,4.48,2.263442597797319,1.9024808326701672,2.0829617152337434,2.09,2.0,-0.007038284766256453
299.5,-300.0,8.41,7.96,3.571398170258059,3.3803007651907433,3.475849467724401,3.48,3.58,-0.004150532275598806
299.5,-150.0,7.4,7.1,3.1424906611069727,3.015092391062095,3.078791526084534,3.08,3.16,-0.0012084739154660795
299.5,0.0,6.42,6.11,2.7263229789603733,2.5946780999140002,2.660500539437187,2.66,2.74,0.0005005394371866423
299.5,150.0,5.59,5.39,2.3738544318362127,2.288922251806295,2.3313883418212535,2.33,2.35,0.0013883418212534693
299.5,300.0,4.89,4.51,2.076591801731499,1.9152206596746546,1.9959062307030768,2.0,1.99,-0.004093769296923178
301.57,-300.0,8.3,7.96,3.5246854712416043,3.3803007651907433,3.4524931182161738,3.45,3.56,0.0024931182161735954
301.57,-150.0,7.32,7.07,3.1085177890950053,3.0023525640576074,3.0554351765763066,3.06,3.14,-0.004564823423693465
301.57,0.0,6.28,6.1,2.6668704529394307,2.590431490912504,2.6286509719259676,2.63,2.73,-0.0013490280740322547
301.57,150.0,5.58,5.37,2.369607822834717,2.280429033803303,2.32501842831901,2.33,2.34,-0.004981571680990005
301.57,300.0,4.88,4.48,2.0723451927300034,1.9024808326701672,1.9874130127000853,1.99,1.98,-0.0025869872999146892
303.64,-300.0,8.16,7.97,3.4652329452206616,3.384547374192239,3.4248901597064503,3.43,3.54,-0.005109840293549883
303.64,-150.0,7.17,6.91,3.0448186540725666,2.934406820033673,2.98961273705312,2.99,3.12,-0.0003872629468801847
303.64,0.0,6.27,6.07,2.6626238439379346,2.5776916639080167,2.6201577539229755,2.62,2.71,0.00015775392297534552
303.64,150.0,5.65,5.27,2.3993340858451884,2.2379629437883435,2.3186485148167657,2.32,2.32,-0.0013514851832341357
303.64,300.0,5.29,4.43,2.2464561617913357,1.8812477876626874,2.0638519747270117,2.07,1.97,-0.006148025272988189
305.71,-300.0,8.26,7.94,3.5076990352356203,3.3718075471877516,3.439753291211686,3.44,3.52,-0.00024670878831400955
305.71,-150.0,7.19,7.07,3.0533118720755583,3.0023525640576074,3.0278322180665826,3.03,3.1,-0.0021677819334171566
305.71,0.0,6.25,6.21,2.654130625934943,2.6371441899289594,2.645637407931951,2.65,2.69,-0.004362592068048787
305.71,150.0,5.41,5.31,2.2974154698092866,2.2549493797943274,2.276182424801807,2.28,2.31,-0.003817575198192813
305.71,300.0,4.89,4.43,2.076591801731499,1.8812477876626874,1.9789197946970933,1.98,1.97,-0.001080205302906645
307.77,-300.0,8.39,7.87,3.5629049522550678,3.3420812841772802,3.452493118216174,3.45,3.5,0.0024931182161740395
307.77,-150.0,7.32,6.87,3.1085177890950053,2.917420384027689,3.0129690865613474,3.01,3.08,0.0029690865613476447
307.77,0.0,6.25,6.04,2.654130625934943,2.564951836903529,2.609541231419236,2.61,2.68,-0.00045876858076399074
307.77,150.0,5.36,5.25,2.276182424801807,2.229469725785352,2.2528260752935796,2.25,2.3,0.0028260752935795885
307.77,300.0,4.67,4.35,1.9831664036985892,1.84727491565072,1.9152206596746546,1.92,1.96,-0.004779340325345327
309.82,-300.0,8.26,7.8,3.5076990352356203,3.3123550211668085,3.410027028201214,3.41,3.48,2.7028201214029934e-05
309.82,-150.0,7.28,6.92,3.0915313530890214,2.9386534290351687,3.015092391062095,3.02,3.06,-0.004907608937905206
309.82,0.0,6.16,6.02,2.61591114492148,2.5564586189005367,2.5861848819110085,2.59,2.66,-0.003815118088991376
309.82,150.0,5.37,5.26,2.280429033803303,2.233716334786848,2.2570726842950757,2.26,2.29,-0.002927315704924105
309.82,300.0,4.71,4.42,2.000152839704573,1.8770011786611915,1.9385770091828822,1.94,1.95,-0.0014229908171177197
311.87,-300.0,8.15,7.76,3.4609863362191655,3.295368585160825,3.3781774606899955,3.38,3.46,-0.001822539310004423
311.87,-150.0,7.16,6.85,3.0405720450710705,2.9089271660246974,2.974749605547884,2.98,3.05,-0.005250394452116058
311.87,0.0,6.14,6.01,2.6074179269184876,2.552212009899041,2.5798149684087646,2.58,2.65,-0.00018503159123550716
311.87,150.0,5.35,5.22,2.271935815800311,2.2167298987808643,2.244332857290588,2.24,2.27,0.004332857290587633
311.87,300.0,4.69,4.33,1.9916596217015814,1.8387816976477285,1.915220659674655,1.92,1.94,-0.004779340325344883
313.91,-300.0,8.15,7.74,3.4609863362191655,3.2868753671578332,3.3739308516884994,3.38,3.44,-0.006069148311500516
313.91,-150.0,7.14,6.87,3.0320788270680787,2.917420384027689,2.974749605547884,2.98,3.03,-0.005250394452116058
313.91,0.0,6.1,5.89,2.590431490912504,2.50125270188109,2.545842096396797,2.55,2.63,-0.004157903603202673
313.91,150.0,5.31,5.22,2.2549493797943274,2.2167298987808643,2.2358396392875957,2.24,2.26,-0.004160360712404554
313.91,300.0,4.68,4.41,1.987413012700085,1.8727545696596957,1.9300837911798903,1.93,1.93,8.379117989032459e-05
315.95,-300.0,7.94,7.76,3.3718075471877516,3.295368585160825,3.333588066174288,3.33,3.42,0.003588066174287974
315.95,-150.0,7.07,6.92,3.0023525640576074,2.9386534290351687,2.9705029965463883,2.97,3.01,0.0005029965463880792
315.95,0.0,6.07,5.98,2.5776916639080167,2.5394721828945537,2.5585819234012854,2.56,2.62,-0.0014180765987146238
315.95,150.0,5.35,5.3,2.271935815800311,2.2507027707928313,2.2613192932965713,2.26,2.25,0.0013192932965715443
315.95,300.0,4.76,4.42,2.0213858847120525,1.8770011786611915,1.949193531686622,1.95,1.93,-0.0008064683133779393
317.99,-300.0,7.97,7.81,3.384547374192239,3.3166016301683046,3.3505745021802715,3.35,3.4,0.0005745021802714412
317.99,-150.0,7.01,6.96,2.9768729100486317,2.955639865041152,2.9662563875448917,2.97,3.0,-0.003743612455108458
317.99,0.0,6.07,6.03,2.5776916639080167,2.560705227902033,2.569198445905025,2.57,2.61,-0.0008015540949748434
317.99,150.0,5.33,5.33,2.263442597797319,2.263442597797319,2.263442597797319,2.26,2.24,0.003442597797319369
317.99,300.0,4.7,4.45,1.995906230703077,1.8897410056656794,1.942823618184378,1.94,1.92,0.0028236181843781516
320.02,-300.0,8.16,7.82,3.4652329452206616,3.3208482391698007,3.393040592195231,3.39,3.38,0.0030405921952310067
320.02,-150.0,7.11,6.92,3.0193390000635913,2.9386534290351687,2.97899621454938,2.98,2.98,-0.001003785450619965
320.02,0.0,6.05,6.03,2.5691984459050246,2.560705227902033,2.5649518369035285,2.56,2.59,0.004951836903528406
320.02,150.0,5.28,5.34,2.24220955278984,2.2676892067988152,2.2549493797943274,2.26,2.23,-0.005050620205672374
320.02,300.0,4.51,4.48,1.9152206596746546,1.9024808326701672,1.908850746172411,1.91,1.91,-0.001149253827589014
322.04,-300.0,7.83,7.67,3.3250948481712963,3.257149104147362,3.291121976159329,3.29,3.37,0.0011219761593288524
322.04,-150.0,6.89,6.76,2.925913602030681,2.8707076850112343,2.898310643520958,2.9,2.96,-0.0016893564790421145
322.04,0.0,6.04,5.95,2.564951836903529,2.526732355890066,2.5458420963967976,2.55,2.58,-0.004157903603202229
322.04,150.0,5.3,5.2,2.2507027707928313,2.2082366807778726,2.2294697257853517,2.23,2.22,-0.0005302742146482409
322.04,300.0,4.75,4.42,2.0171392757105564,1.8770011786611915,1.947070227185874,1.95,1.91,-0.002929772814125986
324.06,-300.0,8.34,7.67,3.5416719072475877,3.257149104147362,3.3994105056974746,3.4,3.35,-0.0005894943025253063
324.06,-150.0,7.32,6.88,3.1085177890950053,2.921666993029185,3.0150923910620953,3.02,2.95,-0.004907608937904762
324.06,0.0,6.15,6.02,2.611664535919984,2.5564586189005367,2.58406157741026,2.58,2.57,0.004061577410260142
324.06,150.0,5.3,5.31,2.2507027707928313,2.2549493797943274,2.252826075293579,2.25,2.21,0.0028260752935791444
324.06,300.0,4.37,4.47,1.8557681336537122,1.8982342236686711,1.8770011786611915,1.88,1.9,-0.002998821338808355
326.08,-300.0,7.7,7.54,3.2698889311518498,3.201943187127915,3.2359160591398823,3.24,3.33,-0.004083940860117874
326.08,-150.0,6.84,6.73,2.9046805570232013,2.8579678580067465,2.881324207514974,2.88,2.93,0.001324207514973974
326.08,0.0,6.0,5.92,2.547965400897545,2.513992528885578,2.5309789648915615,2.53,2.55,0.0009789648915616844
326.08,150.0,5.29,5.18,2.2464561617913357,2.1997434627748804,2.223099812283108,2.22,2.2,0.003099812283107628
326.08,300.0,4.82,4.41,2.046865538721028,1.8727545696596957,1.959810054190362,1.96,1.9,-0.00018994580963793695
328.09,-300.0,8.16,7.7,3.4652329452206616,3.2698889311518498,3.367560938186256,3.37,3.31,-0.0024390618137442033
328.09,-150.0,7.13,6.87,3.0278322180665826,2.917420384027689,2.9726263010471357,2.97,2.92,0.0026263010471354598
328.09,0.0,6.05,6.0,2.5691984459050246,2.547965400897545,2.5585819234012845,2.56,2.54,-0.001418076598715512
328.09,150.0,5.18,5.31,2.1997434627748804,2.2549493797943274,2.227346421284604,2.23,2.2,-0.0026535787153960655
328.09,300.0,4.38,4.56,1.8600147426552078,1.9364537046821342,1.8982342236686711,1.9,1.89,-0.0017657763313287944
330.09,-300.0,8.16,7.74,3.4652329452206616,3.2868753671578332,3.376054156189247,3.38,3.3,-0.003945843810752692
330.09,-150.0,7.14,6.86,3.0320788270680787,2.9131737750261935,2.972626301047136,2.97,2.9,0.002626301047135904
330.09,0.0,6.06,6.05,2.5734450549065206,2.5691984459050246,2.5713217504057724,2.57,2.53,0.001321750405772537
330.09,150.0,5.18,5.36,2.1997434627748804,2.276182424801807,2.237962943788344,2.24,2.19,-0.002037056211656285
330.09,300.0,4.38,4.54,1.8600147426552078,1.9279604866791424,1.893987614667175,1.89,1.89,0.003987614667175121
332.09,-300.0,8.24,7.61,3.4992058172326286,3.2316694501383867,3.3654376336855076,3.37,3.28,-0.004562366314492472
332.09,-150.0,7.23,6.81,3.0702983080815422,2.8919407300187134,2.981119519050128,2.98,2.89,0.0011195190501278596
332.09,0.0,6.08,5.98,2.5819382729095124,2.5394721828945537,2.560705227902033,2.56,2.52,0.0007052279020327568
332.09,150.0,5.14,5.26,2.182757026768897,2.233716334786848,2.2082366807778726,2.21,2.18,-0.0017633192221273575
332.09,300.0,4.32,4.44,1.8345350886462326,1.8854943966641835,1.860014742655208,1.86,1.89,1.474265520795548e-05
334.09,-300.0,7.97,7.64,3.384547374192239,3.244409277142874,3.3144783256675563,3.32,3.26,-0.005521674332443549
334.09,-150.0,6.93,6.8,2.9429000380366643,2.887694121017218,2.9152970795269413,2.92,2.88,-0.004702920473058647
334.09,0.0,5.89,5.97,2.50125270188109,2.535225573893057,2.5182391378870737,2.52,2.51,-0.0017608621129263646
334.09,150.0,5.04,5.26,2.140290936753938,2.233716334786848,2.1870036357703926,2.19,2.17,-0.0029963642296073623
334.09,300.0,4.32,4.53,1.8345350886462326,1.9237138776776468,1.8791244831619398,1.88,1.88,-0.0008755168380600864
336.08,-300.0,8.03,7.5,3.410027028201214,3.1849567511219314,3.297491889661573,3.3,3.25,-0.0025081103384270165
336.08,-150.0,6.98,6.73,2.9641330830441444,2.8579678580067465,2.9110504705254456,2.91,2.86,0.0010504705254454905
336.08,0.0,5.92,5.9,2.513992528885578,2.5054993108825863,2.5097459198840824,2.51,2.5,-0.0002540801159174322
336.08,150.0,5.11,5.25,2.1700171997644095,2.229469725785352,2.199743462774881,2.2,2.17,-0.0002565372251193132
336.08,300.0,4.33,4.43,1.8387816976477285,1.8812477876626874,1.860014742655208,1.86,1.88,1.474265520795548e-05
338.06,-300.0,8.13,7.48,3.452493118216174,3.1764635331189397,3.314478325667557,3.32,3.23,-0.005521674332442661
338.06,-150.0,7.08,6.66,3.0065991730591035,2.828241594996275,2.9174203840276896,2.92,2.85,-0.0025796159723103784
338.06,0.0,6.05,5.87,2.5691984459050246,2.4927594838780984,2.5309789648915615,2.53,2.49,0.0009789648915616844
338.06,150.0,5.11,5.15,2.1700171997644095,2.187003635770393,2.1785104177674013,2.18,2.16,-0.001489582232598874
338.06,300.0,4.32,4.42,1.8345350886462326,1.8770011786611915,1.855768133653712,1.86,1.88,-0.004231866346288138
340.04,-300.0,8.09,7.39,3.43550668221019,3.138244052105476,3.2868753671578332,3.29,3.21,-0.003124632842166797
340.04,-150.0,7.08,6.63,3.0065991730591035,2.8155017679917873,2.9110504705254456,2.91,2.84,0.0010504705254454905
340.04,0.0,6.02,5.78,2.5564586189005367,2.4545400028646354,2.505499310882586,2.51,2.48,-0.00450068911741397
340.04,150.0,5.12,5.13,2.174263808765905,2.1785104177674013,2.176387113266653,2.18,2.15,-0.0036128867333471426
340.04,300.0,4.23,4.23,1.7963156076327695,1.7963156076327695,1.7963156076327695,1.8,1.88,-0.0036843923672305046
342.01,-300.0,7.8,7.44,3.3123550211668085,3.159477097112956,3.2359160591398823,3.24,3.2,-0.004083940860117874
342.01,-150.0,6.79,6.63,2.883447512015722,2.8155017679917873,2.8494746400037547,2.85,2.82,-0.000525359996245367
342.01,0.0,5.81,5.83,2.4672798298691228,2.475773047872115,2.471526438870619,2.47,2.47,0.0015264388706186516
342.01,150.0,5.0,5.12,2.1233045007479543,2.174263808765905,2.14878415475693,2.15,2.15,-0.0012158452430699462
342.01,300.0,4.3,4.36,1.8260418706432406,1.8515215246522163,1.8387816976477285,1.84,1.87,-0.0012183023522716052
343.97,-300.0,7.6,7.29,3.2274228411368906,3.0957779620905175,3.161600401613704,3.16,3.18,0.0016004016137038946
343.97,-150.0,6.62,6.45,2.8112551589902917,2.739062805964861,2.7751589824775764,2.78,2.81,-0.004841017522423385
343.97,0.0,5.71,5.67,2.4248137398541636,2.40782730384818,2.416320521851172,2.42,2.46,-0.0036794781488280748
343.97,150.0,5.02,4.99,2.131797718750946,2.1190578917464586,2.1254278052487026,2.13,2.14,-0.0045721947512973315
343.97,300.0,4.47,4.13,1.8982342236686711,1.7538495176178102,1.8260418706432406,1.83,1.87,-0.003958129356759432
345.93,-300.0,7.37,7.25,3.129750834102485,3.0787915260845335,3.104271180093509,3.1,3.17,0.00427118009350913
345.93,-150.0,6.5,6.42,2.7602958509723408,2.7263229789603733,2.7433094149663573,2.74,2.8,0.0033094149663570605
345.93,0.0,5.69,5.56,2.4163205218511723,2.361114604831725,2.388717563341449,2.39,2.45,-0.0012824366585513225
345.93,150.0,5.17,4.91,2.1954968537733848,2.0850850197344912,2.140290936753938,2.14,2.14,0.00029093675393765395
345.93,300.0,4.88,4.14,2.0723451927300034,1.758096126619306,1.9152206596746546,1.92,1.87,-0.004779340325345327
347.88,-300.0,7.57,7.22,3.2146830141324028,3.0660516990800457,3.140367356606224,3.14,3.15,0.00036735660622388977
347.88,-150.0,6.63,6.43,2.8155017679917873,2.730569587961869,2.773035677976828,2.77,2.79,0.003035677976828133
347.88,0.0,5.67,5.64,2.40782730384818,2.3950874768436923,2.401457390345936,2.4,2.44,0.0014573903459362825
347.88,150.0,5.0,4.99,2.1233045007479543,2.1190578917464586,2.1211811962472065,2.12,2.13,0.001181196247206362
347.88,300.0,4.47,4.15,1.8982342236686711,1.7623427356208021,1.8302884796447367,1.83,1.87,0.0002884796447366611
349.83,-300.0,7.58,7.25,3.218929623133899,3.0787915260845335,3.148860574609216,3.15,3.14,-0.0011394253907837104
349.83,-150.0,6.62,6.41,2.8112551589902917,2.7220763699588777,2.7666657644745847,2.77,2.77,-0.003334235525415341
349.83,0.0,5.65,5.64,2.3993340858451884,2.3950874768436923,2.39721078134444,2.4,2.43,-0.002789218655559811
349.83,150.0,4.96,4.99,2.106318064741971,2.1190578917464586,2.1126879782442147,2.11,2.13,0.0026879782442148503
349.83,300.0,4.37,4.21,1.8557681336537122,1.7878223896297776,1.821795261641745,1.82,1.87,0.0017952616417449274
351.77,-300.0,7.63,7.32,3.2401626681413784,3.1085177890950053,3.174340228618192,3.18,3.12,-0.005659771381808287
351.77,-150.0,6.67,6.56,2.832488203997771,2.785775504981316,2.8091318544895434,2.81,2.76,-0.0008681455104566638
351.77,0.0,5.69,5.74,2.4163205218511723,2.4375535668586514,2.426937044354912,2.43,2.42,-0.0030629556450882944
351.77,150.0,4.94,5.1,2.097824846738979,2.1657705907629135,2.1317977187509465,2.13,2.12,0.0017977187509465864
351.77,300.0,4.3,4.42,1.8260418706432406,1.8770011786611915,1.851521524652216,1.85,1.87,0.0015215246522159998
353.7,-300.0,7.81,7.3,3.3166016301683046,3.100024571092013,3.208313100630159,3.21,3.11,-0.0016868993698411217
353.7,-150.0,6.86,6.52,2.9131737750261935,2.768789068975332,2.8409814220007625,2.84,2.75,0.0009814220007626773
353.7,0.0,5.79,5.77,2.458786611866131,2.4502933938631393,2.4545400028646354,2.45,2.42,0.004540002864635184
353.7,150.0,4.97,5.15,2.1105646737434665,2.187003635770393,2.14878415475693,2.15,2.12,-0.0012158452430699462
353.7,300.0,4.2,4.33,1.7835757806282817,1.8387816976477285,1.811178739138005,1.81,1.87,0.001178739138004925
355.62,-300.0,7.59,7.25,3.2231762321353945,3.0787915260845335,3.150983879109964,3.15,3.09,0.0009838791099641142
355.62,-150.0,6.62,6.46,2.8112551589902917,2.743309414966357,2.7772822869783242,2.78,2.74,-0.0027177130216755607
355.62,0.0,5.64,5.72,2.3950874768436923,2.4290603488556597,2.412073912849676,2.41,2.41,0.002073912849676063
355.62,150.0,4.93,5.08,2.093578237737483,2.1572773727599217,2.1254278052487026,2.13,2.11,-0.0045721947512973315
355.62,300.0,4.21,4.31,1.7878223896297776,1.8302884796447365,1.8090554346372572,1.81,1.87,-0.0009445653627428996
357.53,-300.0,7.47,7.23,3.1722169241174436,3.0702983080815422,3.121257616099493,3.12,3.08,0.0012576160994930419
357.53,-150.0,6.55,6.45,2.78152889597982,2.739062805964861,2.7602958509723408,2.76,2.73,0.0002958509723409719
357.53,0.0,5.62,5.7,2.3865942588407005,2.420567130852668,2.403580694846684,2.4,2.4,0.003580694846684107
357.53,150.0,4.92,5.07,2.089331628735987,2.1530307637584256,2.121181196247206,2.12,2.11,0.0011811962472059179
357.53,300.0,4.33,4.38,1.8387816976477285,1.8600147426552078,1.849398220151468,1.85,1.87,-0.0006017798485320469
359.44,-300.0,7.32,7.11,3.1085177890950053,3.0193390000635913,3.0639283945792983,3.06,3.07,0.003928394579298278
359.44,-150.0,6.42,6.27,2.7263229789603733,2.6626238439379346,2.694473411449154,2.69,2.72,0.004473411449154252
359.44,0.0,5.6,5.59,2.378101040837709,2.3738544318362127,2.375977736336961,2.38,2.39,-0.0040222636630389275
359.44,150.0,4.96,4.89,2.106318064741971,2.076591801731499,2.0914549332367347,2.09,2.11,0.0014549332367348455
359.44,300.0,4.58,4.18,1.9449469226851261,1.7750825626252897,1.860014742655208,1.86,1.87,1.474265520795548e-05
361.34,-300.0,7.43,7.09,3.15523048811146,3.010845782060599,3.0830381350860296,3.08,3.05,0.0030381350860295697
361.34,-150.0,6.49,6.37,2.7560492419708447,2.7050899339528938,2.7305695879618694,2.73,2.71,0.0005695879618694555
361.34,0.0,5.58,5.66,2.369607822834717,2.4035806948466845,2.3865942588407005,2.39,2.39,-0.003405741159299591
361.34,150.0,4.9,5.05,2.0808384107329956,2.144537545755434,2.1126879782442147,2.11,2.1,0.0026879782442148503
361.34,300.0,4.32,4.3,1.8345350886462326,1.8260418706432406,1.8302884796447367,1.83,1.88,0.0002884796447366611
363.23,-300.0,7.25,7.14,3.0787915260845335,3.0320788270680787,3.055435176576306,3.06,3.04,-0.004564823423693909
363.23,-150.0,6.41,6.42,2.7220763699588777,2.7263229789603733,2.7241996744596255,2.72,2.7,0.004199674459625324
363.23,0.0,5.58,5.65,2.369607822834717,2.3993340858451884,2.3844709543399527,2.38,2.38,0.004470954339952815
363.23,150.0,4.97,5.0,2.1105646737434665,2.1233045007479543,2.1169345872457104,2.12,2.1,-0.0030654127542897314
363.23,300.0,4.47,4.27,1.8982342236686711,1.8133020436387528,1.855768133653712,1.86,1.88,-0.004231866346288138
365.1,-300.0,7.49,7.09,3.180710142120436,3.010845782060599,3.0957779620905175,3.1,3.03,-0.004222037909482612
365.1,-150.0,6.54,6.27,2.7772822869783242,2.6626238439379346,2.7199530654581294,2.72,2.69,-4.693454187076895e-05
365.1,0.0,5.62,5.58,2.3865942588407005,2.369607822834717,2.378101040837709,2.38,2.37,-0.0018989591622911028
365.1,150.0,4.9,5.02,2.0808384107329956,2.131797718750946,2.106318064741971,2.11,2.1,-0.0036819352580290676
365.1,300.0,4.18,4.25,1.7750825626252897,1.804808825635761,1.7899456941305254,1.79,1.88,-5.430586947463567e-05
366.97,-300.0,7.38,7.15,3.1339974431039805,3.036325436069575,3.085161439586778,3.09,3.01,-0.004838560413221948
366.97,-150.0,6.48,6.39,2.751802632969349,2.7135831519558855,2.7326928924626173,2.73,2.68,0.00269289246261728
366.97,0.0,5.58,5.66,2.369607822834717,2.4035806948466845,2.3865942588407005,2.39,2.37,-0.003405741159299591
366.97,150.0,4.81,5.05,2.042618929719532,2.144537545755434,2.093578237737483,2.09,2.1,0.0035782377374831142
366.97,300.0,4.28,4.37,1.817548652640249,1.8557681336537122,1.8366583931469807,1.84,1.88,-0.00334160685301943
368.83,-300.0,7.55,7.31,3.206189796129411,3.104271180093509,3.15523048811146,3.16,3.0,-0.004769511888540023
368.83,-150.0,6.54,6.51,2.7772822869783242,2.7645424599738364,2.7709123734760803,2.77,2.67,0.0009123734760803082
368.83,0.0,5.61,5.84,2.382347649839205,2.4800196568736106,2.431183653356408,2.43,2.36,0.001183653356407799
368.83,150.0,4.79,5.19,2.0341257117165403,2.203990071776377,2.1190578917464586,2.12,2.09,-0.0009421082535414627
368.83,300.0,4.14,4.54,1.758096126619306,1.9279604866791424,1.8430283066492241,1.84,1.89,0.003028306649224044
370.68,-300.0,7.37,7.2,3.129750834102485,3.0575584810770544,3.0936546575897697,3.09,2.99,0.003654657589769794
370.68,-150.0,6.46,6.46,2.743309414966357,2.743309414966357,2.743309414966357,2.74,2.66,0.0033094149663566164
370.68,0.0,5.57,5.75,2.3653612138332214,2.4418001758601475,2.4035806948466845,2.4,2.36,0.003580694846684551
370.68,150.0,4.8,5.14,2.038372320718036,2.182757026768897,2.1105646737434665,2.11,2.09,0.0005646737434665816
370.68,300.0,4.17,4.47,1.7708359536237939,1.8982342236686711,1.8345350886462324,1.84,1.89,-0.0054649113537676985
372.51,-300.0,6.98,7.05,2.9641330830441444,2.9938593460546157,2.97899621454938,2.98,2.98,-0.001003785450619965
372.51,-150.0,6.24,6.27,2.649884016933447,2.6626238439379346,2.6562539304356907,2.66,2.65,-0.003746069564309451
372.51,0.0,5.59,5.54,2.3738544318362127,2.3526213868287336,2.363237909332473,2.36,2.35,0.0032379093324732544
372.51,150.0,5.22,4.96,2.2167298987808643,2.106318064741971,2.161523981761418,2.16,2.09,0.0015239817614176587
372.51,300.0,4.87,4.19,2.0680985837285077,1.7793291716267858,1.9237138776776468,1.93,1.89,-0.006286122322353149
374.34,-300.0,7.34,7.2,3.117011007097997,3.0575584810770544,3.0872847440875257,3.09,2.96,-0.002715255912474124
374.34,-150.0,6.33,6.45,2.6881034979469103,2.739062805964861,2.713583151955886,2.71,2.64,0.003583151955885988
374.34,0.0,5.42,5.74,2.301662078810782,2.4375535668586514,2.369607822834717,2.37,2.34,-0.00039217716528305857
374.34,150.0,4.76,5.14,2.0213858847120525,2.182757026768897,2.1020714557404747,2.1,2.09,0.002071455740474626
374.34,300.0,4.26,4.5,1.809055434637257,1.910974050673159,1.860014742655208,1.86,1.9,1.474265520795548e-05
376.15,-300.0,7.27,7.01,3.0872847440875253,2.9768729100486317,3.0320788270680783,3.03,2.95,0.0020788270680784926
376.15,-150.0,6.33,6.28,2.6881034979469103,2.6668704529394307,2.6774869754431707,2.68,2.63,-0.0025130245568294463
376.15,0.0,5.42,5.6,2.301662078810782,2.378101040837709,2.3398815598242457,2.34,2.34,-0.0001184401757541309
376.15,150.0,4.77,4.93,2.025632493713548,2.093578237737483,2.0596053657255156,2.06,2.09,-0.0003946342744844955
376.15,300.0,4.28,4.28,1.817548652640249,1.817548652640249,1.817548652640249,1.82,1.9,-0.002451347359751166
377.95,-300.0,6.97,6.92,2.9598864740426483,2.9386534290351687,2.9492699515389083,2.95,2.94,-0.0007300484610919256
377.95,-150.0,6.18,6.26,2.6244043629244715,2.6583772349364385,2.641390798930455,2.64,2.62,0.0013907989304549062
377.95,0.0,5.36,5.5,2.276182424801807,2.3356349508227496,2.3059086878122783,2.31,2.33,-0.004091312187721741
377.95,150.0,4.88,4.9,2.0723451927300034,2.0808384107329956,2.0765918017314995,2.08,2.09,-0.003408198268500584
377.95,300.0,4.47,4.23,1.8982342236686711,1.7963156076327695,1.8472749156507202,1.85,1.9,-0.0027250843492798715
379.73,-300.0,6.93,6.95,2.9429000380366643,2.9513932560396565,2.9471466470381604,2.95,2.93,-0.00285335296183975
379.73,-150.0,6.17,6.26,2.6201577539229755,2.6583772349364385,2.639267494429707,2.64,2.61,-0.0007325055702929184
379.73,0.0,5.39,5.59,2.288922251806295,2.3738544318362127,2.3313883418212535,2.33,2.33,0.0013883418212534693
379.73,150.0,4.78,4.87,2.0298791027150442,2.0680985837285077,2.048988843221776,2.05,2.09,-0.0010111567782238318
379.73,300.0,4.36,4.25,1.8515215246522163,1.804808825635761,1.8281651751439887,1.83,1.91,-0.0018348248560113856
381.51,-300.0,6.87,6.96,2.917420384027689,2.955639865041152,2.9365301245344204,2.94,2.92,-0.0034698754655795305
381.51,-150.0,6.11,6.31,2.5946780999140002,2.679610279943918,2.637144189928959,2.64,2.61,-0.002855810071041187
381.51,0.0,5.42,5.67,2.301662078810782,2.40782730384818,2.354744691329481,2.36,2.33,-0.005255308670518932
381.51,150.0,5.04,5.02,2.140290936753938,2.131797718750946,2.136044327752442,2.14,2.09,-0.003955672247557995
381.51,300.0,4.75,4.3,2.0171392757105564,1.8260418706432406,1.9215905731768985,1.92,1.91,0.001590573176898591
383.26,-300.0,6.86,6.82,2.9131737750261935,2.89618733902021,2.9046805570232017,2.9,2.91,0.0046805570232018034
383.26,-150.0,6.07,6.06,2.5776916639080167,2.5734450549065206,2.575568359407269,2.58,2.6,-0.004431640592731156
383.26,0.0,5.4,5.49,2.293168860807791,2.331388341821254,2.3122786013145227,2.31,2.32,0.0022786013145226214
383.26,150.0,4.92,4.84,2.089331628735987,2.05535875672402,2.0723451927300034,2.07,2.09,0.0023451927300035535
383.26,300.0,4.59,4.1,1.949193531686622,1.7411096906133223,1.8451516111499722,1.85,1.92,-0.004848388850027918
385.01,-300.0,6.82,6.78,2.89618733902021,2.879200903014226,2.8876941210172182,2.89,2.89,-0.002305878982781895
385.01,-150.0,6.07,6.1,2.5776916639080167,2.590431490912504,2.58406157741026,2.58,2.59,0.004061577410260142
385.01,0.0,5.37,5.39,2.280429033803303,2.288922251806295,2.2846756428047987,2.28,2.32,0.00467564280479893
385.01,150.0,4.96,4.83,2.106318064741971,2.051112147722524,2.0787151062322473,2.08,2.09,-0.0012848937677527594
385.01,300.0,4.67,4.07,1.9831664036985892,1.728369863608835,1.855768133653712,1.86,1.92,-0.004231866346288138
386.73,-300.0,6.86,6.78,2.9131737750261935,2.879200903014226,2.8961873390202095,2.9,2.88,-0.003812660979790383
386.73,-150.0,6.06,6.04,2.5734450549065206,2.564951836903529,2.569198445905025,2.57,2.58,-0.0008015540949748434
386.73,0.0,5.32,5.37,2.2591959887958235,2.280429033803303,2.2698125112995635,2.27,2.31,-0.0001874887004365
386.73,150.0,4.77,4.76,2.025632493713548,2.0213858847120525,2.0235091892128003,2.02,2.09,0.003509189212800301
386.73,300.0,4.33,4.05,1.8387816976477285,1.719876645605843,1.7793291716267858,1.78,1.92,-0.000670828373214194
388.44,-300.0,6.69,6.77,2.840981422000763,2.87495429401273,2.8579678580067465,2.86,2.87,-0.0020321419932534113
388.44,-150.0,6.05,6.06,2.5691984459050246,2.5734450549065206,2.5713217504057724,2.57,2.57,0.001321750405772537
388.44,0.0,5.36,5.35,2.276182424801807,2.271935815800311,2.274059120301059,2.27,2.31,0.004059120301059149
388.44,150.0,4.96,4.77,2.106318064741971,2.025632493713548,2.0659752792277595,2.07,2.09,-0.004024720772240364
388.44,300.0,4.78,4.09,2.0298791027150442,1.7368630816118265,1.8833710921634355,1.89,1.93,-0.006628907836564446
390.14,-300.0,6.69,6.64,2.840981422000763,2.8197483769932834,2.830364899497023,2.83,2.86,0.0003648994970228969
390.14,-150.0,6.04,5.93,2.564951836903529,2.5182391378870737,2.541595487395301,2.54,2.57,0.0015954873953010207
390.14,0.0,5.37,5.26,2.280429033803303,2.233716334786848,2.2570726842950757,2.26,2.31,-0.002927315704924105
390.14,150.0,5.1,4.72,2.1657705907629135,2.0043994487060686,2.085085019734491,2.09,2.09,-0.004914980265509072
390.14,300.0,4.76,4.0,2.0213858847120525,1.6986436005983634,1.860014742655208,1.87,1.93,-0.009985257344792053
391.82,-300.0,6.77,6.83,2.87495429401273,2.9004339480217056,2.887694121017218,2.89,2.85,-0.002305878982782339
391.82,-150.0,6.06,6.21,2.5734450549065206,2.6371441899289594,2.6052946224177402,2.61,2.56,-0.00470537758225964
391.82,0.0,5.35,5.56,2.271935815800311,2.361114604831725,2.316525210316018,2.32,2.3,-0.0034747896839819603
391.82,150.0,4.83,4.97,2.051112147722524,2.1105646737434665,2.080838410732995,2.08,2.09,0.0008384107329950652
391.82,300.0,4.47,4.28,1.8982342236686711,1.817548652640249,1.85789143815446,1.86,1.94,-0.002108561845540091
393.47,-300.0,6.82,6.75,2.89618733902021,2.866461076009738,2.8813242075149743,2.88,2.84,0.0013242075149744181
393.47,-150.0,6.04,6.1,2.564951836903529,2.590431490912504,2.5776916639080163,2.58,2.55,-0.002308336091983776
393.47,0.0,5.34,5.47,2.2676892067988152,2.322895123818262,2.2952921653085383,2.3,2.3,-0.004707834691461521
393.47,150.0,4.77,4.88,2.025632493713548,2.0723451927300034,2.0489888432217755,2.05,2.09,-0.0010111567782242759
393.47,300.0,4.41,4.24,1.8727545696596957,1.8005622166342654,1.8366583931469807,1.84,1.95,-0.00334160685301943
395.11,-300.0,6.65,6.58,2.8239949859947795,2.7942687229843077,2.809131854489544,2.81,2.83,-0.0008681455104562197
395.11,-150.0,6.02,5.91,2.5564586189005367,2.509745919884082,2.5331022693923093,2.53,2.55,0.003102269392309509
395.11,0.0,5.36,5.22,2.276182424801807,2.2167298987808643,2.2464561617913357,2.25,2.3,-0.0035438382086643294
395.11,150.0,5.07,4.66,2.1530307637584256,1.9789197946970936,2.0659752792277595,2.07,2.09,-0.004024720772240364
395.11,300.0,4.86,3.91,2.0638519747270117,1.6604241195849003,1.8621380471559559,1.87,1.95,-0.007861952844044229
396.73,-300.0,6.66,6.57,2.828241594996275,2.790022113982812,2.809131854489544,2.81,2.82,-0.0008681455104562197
396.73,-150.0,6.03,5.88,2.560705227902033,2.497006092879594,2.528855660390813,2.53,2.54,-0.0011443396091865843
396.73,0.0,5.35,5.22,2.271935815800311,2.2167298987808643,2.244332857290588,2.24,2.29,0.004332857290587633
396.73,150.0,5.03,4.65,2.136044327752442,1.9746731856955977,2.05535875672402,2.06,2.09,-0.004641243275980145
396.73,300.0,4.75,3.9,2.0171392757105564,1.6561775105834042,1.8366583931469802,1.85,1.96,-0.013341606853019883
398.34,-300.0,6.67,6.71,2.832488203997771,2.8494746400037547,2.8409814220007625,2.84,2.81,0.0009814220007626773
398.34,-150.0,6.0,5.99,2.547965400897545,2.5437187918960493,2.545842096396797,2.55,2.53,-0.004157903603202673
398.34,0.0,5.33,5.35,2.263442597797319,2.271935815800311,2.2676892067988152,2.27,2.29,-0.0023107932011847687
398.34,150.0,4.92,4.75,2.089331628735987,2.0171392757105564,2.0532354522232716,2.05,2.1,0.0032354522232718175
398.34,300.0,4.65,4.1,1.9746731856955977,1.7411096906133223,1.85789143815446,1.86,1.96,-0.002108561845540091
399.92,-300.0,6.78,6.81,2.879200903014226,2.8919407300187134,2.88557081651647,2.89,2.8,-0.0044291834835301636
399.92,-150.0,6.02,6.12,2.5564586189005367,2.5989247089154963,2.5776916639080163,2.58,2.53,-0.002308336091983776
399.92,0.0,5.34,5.47,2.2676892067988152,2.322895123818262,2.2952921653085383,2.3,2.29,-0.004707834691461521
399.92,150.0,4.91,4.85,2.0850850197344912,2.0596053657255156,2.0723451927300034,2.07,2.1,0.0023451927300035535
399.92,300.0,4.76,4.26,2.0213858847120525,1.809055434637257,1.9152206596746546,1.92,1.97,-0.004779340325345327
